0,1,2,3,4,5,6,7,8,9,10,11,12,13,14,15,16,17,18,19,20,21,22,23,24,25,26,27,28,29,30,31,32,33,34,35,36,37,38,39,40,41,42,43,44,45,46,47,48,49,50,51,52,53,54,55,56,57
163654,3924,15,27/07/2015,H,FALSE,R16,3,6031,USA,,Q,94,534,,,22.940453,180,6044,USA,3,,35,1090,,,22.836414,185,7-6(6) 6-3,,2,0,12,9,1,0,TRUE,163654,0,,9,2,68,50,35,9,10,8,10,6,5,64,39,25,11,11,1,5
166366,3989,282,11/07/2016,C,FALSE,R32,3,5370,SLO,6,,68,765,,,26.98152,181,6021,SWE,,WC,507,72,,,23.928816,,6-4 7-6(4),,2,0,12,10,1,0,TRUE,166366,0,93,2,3,65,33,26,21,11,3,5,5,3,79,49,31,15,11,11,14
169203,4057,277,26/06/2017,G,FALSE,R32,3,5166,FRA,,,62,766,,,28.991102,183,6418,CRO,7,,42,966,,,20.61328,188,7-5 6-4,,2,0,13,9,0,0,TRUE,169203,0,95,7,1,66,38,32,18,11,3,3,16,1,64,43,35,9,11,1,3
174103,4177,176,18/03/2019,H,FALSE,R128,3,44999,SRB,,WC,95,630,,,19.545517,183,5201,LAT,,,78,704,,,30.546202,190,6-2 7-5,,2,0,13,7,0,0,TRUE,174103,0,91,2,1,49,34,28,9,10,0,1,5,6,80,39,25,17,10,11,15
162394,3899,8,12/03/2015,H,FALSE,R128,3,4470,CRO,,,96,560,,,30.179329,183,5303,POR,,,52,902,,,25.941135,185,6-3 7-5,,2,0,13,8,0,0,TRUE,162394,0,88,10,4,56,29,25,14,10,0,1,1,3,66,32,23,14,11,1,5
169383,4060,276,17/07/2017,C,FALSE,R32,3,4459,GER,,,93,560,,,32.605064,196,5057,BRA,,,65,702,,,29.546886,188,6-4 6-3,,2,0,12,7,0,0,TRUE,169383,0,71,0,1,61,37,26,12,10,1,3,3,3,52,29,17,12,9,3,7
164153,3933,2,21/09/2015,H,FALSE,R32,3,3893,ITA,,,88,593,,,33.765915,183,4326,BEL,,,59,812,,,31.523615,178,1-6 6-3 6-3,,2,1,13,12,0,0,TRUE,164153,0,,7,1,78,46,33,15,12,2,4,2,2,90,60,41,14,13,6,9
162211,3894,14,23/02/2015,C,FALSE,R16,3,5630,ARG,,,59,816,,,24.386038,190,3893,ITA,,,66,762,,,33.190964,183,6-4 6-2,,2,0,12,6,0,0,TRUE,162211,0,78,0,1,51,29,21,13,9,1,3,0,2,55,35,20,5,9,5,10
162160,3892,25,16/02/2015,C,FALSE,QF,3,4742,ESP,1,,3,5745,,,28.706366,185,4654,URU,6,,23,1447,,,29.125257,180,4-6 7-5 6-0,,2,1,17,11,0,0,TRUE,162160,0,125,2,3,72,46,35,17,14,0,2,6,3,82,41,27,20,14,7,12
172266,4130,283,16/07/2018,C,FALSE,R32,3,5953,SUI,,LL,148,382,,,26.29158,,6214,ARG,,Q,137,417,,,24.91718,,6-3 4-6 7-5,,2,1,17,14,0,0,TRUE,172266,0,132,6,5,107,64,41,19,15,7,12,2,5,102,60,34,21,16,5,12
172852,4095,23005,15/09/2018,H,FALSE,RR,3,45096,LIB,,,643,40,,,20.054756,,51755,THA,,,1398,3,,,18.76523,,6-3 6-3,,2,0,12,6,0,0,TRUE,172852,0,61,4,3,48,34,27,9,9,0,0,1,3,47,30,19,8,9,1,4
163755,3928,4,3/08/2015,H,FALSE,R64,3,3607,DOM,,,51,886,,,35.000683,173,11769,CHI,,WC,233,206,,,19.811089,,4-6 6-3 6-4,,2,1,16,13,0,0,TRUE,163755,0,,9,5,90,61,48,15,15,7,8,11,4,88,49,36,23,14,6,8
170846,4097,299,5/02/2018,C,FALSE,SF,3,6134,ESP,,Q,107,523,,,24.873375,183,5403,SVK,,Q,156,344,,,28.377823,180,4-6 6-3 6-2,,2,1,16,11,0,0,TRUE,170846,0,146,6,6,93,61,43,16,14,8,11,3,2,89,53,32,15,13,3,8
163941,3931,33,23/08/2015,H,FALSE,R16,3,5718,FRA,,Q,140,396,,,24.435318,188,5370,SLO,,,58,821,,,26.099932,181,6-3 6-0,,2,0,12,3,0,0,TRUE,163941,0,,8,2,52,35,29,9,8,5,5,4,4,45,22,12,9,7,3,7
172602,4140,270,13/08/2018,H,FALSE,R32,3,3819,SUI,2,,2,6480,,,37.013004,185,5367,GER,,,47,1013,,,29.078712,185,6-4 6-4,,2,0,12,8,0,0,TRUE,172602,0,72,12,4,61,39,31,15,10,5,5,11,3,64,35,29,11,10,2,4
172267,4130,284,16/07/2018,C,FALSE,R32,3,4619,ITA,,Q,153,361,,,32.769337,183,6134,ESP,,,78,746,,,25.314169,183,4-6 6-3 6-4,,2,1,16,13,0,0,TRUE,172267,0,134,2,0,94,66,48,14,15,7,9,1,4,79,55,36,14,14,2,5
163762,3928,11,3/08/2015,H,FALSE,R64,3,4423,JPN,,,102,515,,,30.907597,178,5971,BAR,,Q,206,238,,,23.268993,,6-2 6-1,,2,0,12,3,0,0,TRUE,163762,0,,0,1,41,23,21,10,8,1,2,1,3,43,31,13,6,7,4,9
177214,4253,285,12/10/2020,H,FALSE,R32,3,6407,RUS,1,,6,5890,,,24.668036,198,4752,FRA,,,53,1030,,,34.31896,185,3-6 6-3 6-0,,2,1,15,9,0,0,TRUE,177214,0,97,22,3,62,41,34,13,12,2,3,0,3,83,52,37,9,12,2,6
175237,4206,260,5/08/2019,H,FALSE,R64,3,27834,POL,,AL,48,1023,,,22.477755,196,26006,USA,,,25,1580,,,21.768652,193,6-3 7-5,,2,0,13,8,0,0,TRUE,175237,0,74,7,3,67,52,40,6,11,4,5,7,1,60,38,26,10,10,2,5
176942,4248,291,14/09/2020,C,FALSE,R16,3,26413,ITA,4,,8,2940,,,24.424366,196,5868,ITA,,WC,84,719,,,28.741957,185,7-6(5) 7-6(1),,2,0,12,12,2,0,TRUE,176942,0,119,3,0,70,51,36,14,12,1,3,6,3,82,50,34,18,12,7,9
175705,4216,242,7/10/2019,H,FALSE,R64,3,25897,RUS,,,33,1261,,,21.96304,188,6418,CRO,12,,15,2130,,,22.893908,188,6-4 7-6(4),,2,0,12,10,1,0,TRUE,175705,0,95,15,1,60,38,34,14,11,0,1,8,4,83,54,40,13,11,11,13
173169,4153,277,22/10/2018,H,TRUE,R32,3,5953,SUI,,WC,175,315,,,26.55989,,6051,ITA,6,,21,1838,,,26.058865,185,6-4 6-2,,2,0,12,6,0,0,TRUE,173169,0,76,6,5,57,30,28,12,9,3,3,2,4,74,46,27,13,9,7,10
175670,4216,284,7/10/2019,H,FALSE,R32,3,4544,USA,16,,17,1895,,,34.44764,206,6284,FRA,,,22,1600,,,25.61807,185,7-5 6-3,,2,0,13,8,0,0,TRUE,175670,0,62,19,0,54,41,35,9,11,0,0,8,4,61,31,24,16,10,3,5
169197,4056,300,19/06/2017,G,FALSE,F,3,3852,ESP,,,32,1220,,,35.74538,188,5220,CRO,4,,7,4025,,,28.722792,198,4-6 7-6(2) 7-6(8),,2,1,16,18,2,0,TRUE,169197,0,151,19,0,105,66,51,27,17,2,3,22,1,97,63,55,23,17,1,1
175239,4206,258,5/08/2019,H,FALSE,R64,3,4789,FRA,16,,20,1770,,,32.925392,193,5159,CAN,,WC,172,305,,,31.137577,180,6-7(4) 6-3 6-3,,2,1,18,12,0,1,TRUE,175239,0,131,4,5,94,55,41,21,15,4,6,3,2,99,53,38,21,15,5,10
171357,4093,14205,6/04/2018,H,FALSE,RR,3,44481,SWE,,,355,125,,,19.561943,183,5658,POR,,,106,551,,,27.353867,178,6-3 6-4,,2,0,12,7,0,0,TRUE,171357,0,96,5,4,74,53,36,8,10,5,7,1,7,61,29,22,11,9,4,8
162249,3895,25,23/02/2015,H,FALSE,QF,3,4920,SRB,1,,1,13045,,,27.75907,188,4942,TUR,,Q,104,538,,,27.704311,190,6-1 6-1,,2,0,12,2,0,0,TRUE,162249,0,49,7,1,42,27,23,8,7,3,3,3,1,41,24,15,2,7,2,7
166528,3992,288,18/07/2016,C,FALSE,R16,3,5070,ESP,3,,31,1360,,,28.501026,188,6123,FRA,,Q,182,296,,,23.370295,,6-4 6-2,,2,0,12,6,0,0,TRUE,166528,0,70,3,0,50,29,23,13,9,2,3,2,5,55,31,15,14,9,6,10
168631,4042,296,17/04/2017,C,FALSE,QF,3,6284,FRA,11,,17,2306,,,23.14579,185,4654,URU,16,,27,1425,,,31.290897,180,6-0 3-6 7-5,,2,1,16,11,0,0,TRUE,168631,0,117,2,4,91,45,31,22,13,8,12,7,5,83,47,32,10,14,3,10
169998,4073,290,18/09/2017,H,TRUE,R16,3,5367,GER,,Q,95,544,,,28.17796,185,4467,FRA,8,,43,1075,,,32.72553,183,6-4 7-6(4),,2,0,12,10,1,0,TRUE,169998,0,94,8,3,67,37,31,15,11,1,3,4,4,77,35,26,19,11,8,11
168651,4043,268,24/04/2017,C,FALSE,R64,3,6057,AUS,,,41,960,,,24.506502,193,4459,GER,,,75,685,,,32.375084,196,7-5 4-6 6-2,,2,1,17,13,0,0,TRUE,168651,0,99,6,0,86,54,39,23,15,2,3,9,2,96,53,37,21,15,2,5
171486,4112,274,16/04/2018,C,FALSE,R32,3,644,GER,3,,4,4925,,,20.988363,198,4180,LUX,,,28,1465,,,34.937714,193,4-6 6-3 6-2,,2,1,16,11,0,0,TRUE,171486,0,122,4,5,75,41,34,15,13,2,4,6,5,96,58,42,12,14,9,14
163826,3929,28,10/08/2015,H,FALSE,R32,3,5375,USA,,Q,79,635,,,26.047913,183,4606,CZE,5,,6,5140,,,29.894592,196,7-6(5) 6-3,,2,0,12,9,1,0,TRUE,163826,0,,4,1,68,38,30,16,11,1,2,4,1,78,44,28,18,10,6,8
165132,3962,292,22/02/2016,H,FALSE,R16,3,4894,NED,,,62,762,,,28.881588,190,5370,SLO,,,54,842,,,26.59822,181,6-4 6-7(3) 6-4,,2,1,18,14,0,1,TRUE,165132,0,142,3,3,89,56,41,22,16,0,2,10,2,90,48,37,23,16,4,8
175887,4222,260,28/10/2019,H,TRUE,R64,3,4868,FRA,,Q,65,885,,,32.706364,188,5016,USA,,Q,47,1065,,,32.057495,198,5-7 6-3 7-5,,2,1,18,15,0,0,TRUE,175887,0,127,15,2,109,68,55,17,16,2,3,22,6,108,74,57,13,17,4,7
172278,4130,296,16/07/2018,C,FALSE,QF,3,4752,FRA,4,,29,1465,,,32.07666,185,34553,NOR,,WC,147,382,,,19.564682,183,7-6(4) 6-2,,2,0,12,8,1,0,TRUE,172278,0,95,6,2,63,35,27,18,10,4,5,4,2,66,38,27,13,10,4,7
172026,4125,283,18/06/2018,G,FALSE,R32,3,5044,AUS,,SE,60,911,,,30.55989,188,4291,TUN,,,59,912,,,34.40931,185,6-0 7-6(2),,2,0,12,6,1,0,TRUE,172026,0,62,3,4,62,46,34,6,9,2,3,2,2,50,29,16,10,9,2,6
177182,4252,290,12/10/2020,C,FALSE,R16,3,6051,ITA,,WC,103,671,,,28.032854,185,26008,USA,7,,58,994,,,23.405886,185,7-6(1) 6-4,,2,0,12,10,1,0,TRUE,177182,0,88,4,0,60,39,35,12,11,2,3,4,1,65,41,29,14,11,0,2
163847,3929,49,10/08/2015,H,FALSE,QF,3,4920,SRB,1,,1,13755,,,28.219028,188,5201,LAT,,Q,87,585,,,26.94319,190,5-7 7-6(7) 6-1,,2,1,17,14,1,0,TRUE,163847,0,,10,5,80,50,40,19,15,3,6,9,7,110,61,42,24,16,4,9
170865,4098,291,5/02/2018,H,TRUE,R16,3,5792,BIH,,Q,129,448,,,26.570843,,4259,GER,4,,35,1335,,,34.30801,178,7-5 7-6(5),,2,0,13,11,1,0,TRUE,170865,0,101,8,0,82,52,41,19,12,2,2,3,2,82,53,40,16,12,4,5
164575,3946,505,15/11/2015,H,FALSE,RR,3,5442,JPN,8,,8,4035,,,25.880903,178,4606,CZE,6,,6,4620,,,30.162903,196,7-5 3-6 6-3,,2,1,16,14,0,0,TRUE,164575,0,,4,4,88,52,39,18,15,1,3,5,2,105,53,37,26,15,6,9
162849,3909,9,3/05/2015,C,FALSE,R64,3,4619,ITA,,,63,791,,,29.568789,183,4728,RSA,15,,17,1960,,,28.960985,203,6-4 6-3,,2,0,12,7,0,0,TRUE,162849,0,76,2,1,42,32,28,8,9,0,0,6,4,70,44,29,12,10,3,6
162396,3899,10,12/03/2015,H,FALSE,R128,3,5058,USA,,WC,83,613,,,27.189596,175,3794,GER,,,40,1078,,,33.727585,178,6-3 7-6(4),,2,0,12,9,1,0,TRUE,162396,0,82,1,1,63,44,33,12,11,0,1,3,2,78,46,34,12,10,8,10
168694,4044,284,24/04/2017,C,FALSE,R32,3,6196,CZE,,,58,853,,,23.789185,198,6418,CRO,,,48,915,,,20.440794,188,7-6(4) 6-4,,2,0,12,10,1,0,TRUE,168694,0,103,4,0,75,54,37,14,11,4,5,6,1,62,44,26,13,11,0,2
165886,3980,271,16/05/2016,C,FALSE,R32,3,4794,UZB,,,64,771,,,29.689255,188,4252,GER,,LL,236,223,,,32.613277,190,6-2 6-3,,2,0,12,5,0,0,TRUE,165886,0,57,2,2,52,33,26,13,9,1,1,1,0,44,33,19,6,8,3,6
172349,4133,286,23/07/2018,H,FALSE,R16,3,6387,AUS,2,,18,1935,,,23.238878,193,11483,USA,,Q,164,341,,,22.417522,,7-5 6-2,,2,0,13,7,0,0,TRUE,172349,0,56,15,1,46,28,24,14,10,1,2,4,2,57,37,22,11,10,3,7
176111,4228,275,6/01/2020,H,FALSE,RR,3,44524,RSA,,,99,569,,,22.863792,193,11769,CHI,,,77,675,,,24.238194,,6-4 6-4,,2,0,12,8,0,0,TRUE,176111,0,81,8,1,56,38,32,8,10,1,2,4,3,63,44,28,8,10,5,8
173586,4164,284,4/02/2019,C,FALSE,R32,3,5370,SLO,,,65,760,,,29.549623,181,9719,GER,,,76,699,,,23.641342,,6-3 6-4,,2,0,12,7,0,0,TRUE,173586,0,86,2,1,55,32,27,15,10,0,0,3,2,59,45,33,4,9,8,10
174057,4177,253,18/03/2019,H,FALSE,R64,3,4728,RSA,6,,7,4115,,,32.832306,203,44493,ESP,,,61,845,,,21.867214,183,6-4 3-6 6-3,,2,1,15,13,0,0,TRUE,174057,0,131,17,0,88,58,41,19,14,4,6,5,1,86,55,37,21,14,4,7
174128,4178,275,8/04/2019,C,FALSE,R32,3,4385,SRB,,WC,372,47,,,34.792606,180,5801,USA,,,81,693,,,27.712526,188,6-1 7-6(4),,2,0,12,7,1,0,TRUE,174128,0,92,5,2,68,31,26,20,10,2,3,4,2,62,33,23,11,9,4,7
166890,4001,274,22/08/2016,H,FALSE,R32,3,5438,USA,4,,21,1680,,,26.66119,188,4585,CZE,,,82,690,,,31.080082,196,6-3 6-2,,2,0,12,5,0,0,TRUE,166890,0,57,2,2,53,28,21,18,9,0,0,6,4,47,29,19,7,8,1,4
176115,4228,271,6/01/2020,H,FALSE,RR,3,5131,ESP,,,10,2335,,,31.728952,183,6209,GEO,,,678,29,,,26.40657,,6-0 6-0,,2,0,12,0,0,0,TRUE,176115,0,72,1,0,30,18,15,10,6,1,1,5,2,67,41,20,7,6,8,14
169169,4056,272,19/06/2017,G,FALSE,R32,3,33214,CAN,,Q,193,279,,,18.179329,185,6364,GBR,,,47,898,,,22.4449,188,7-6(4) 4-6 6-4,,2,1,16,16,1,0,TRUE,169169,0,128,12,6,96,47,38,29,16,1,2,7,3,94,52,43,24,16,4,5
177156,4251,289,12/10/2020,H,TRUE,R16,3,5420,MDA,,,82,772,,,30.918549,175,6200,GER,,Q,142,423,,,27.241615,,6-4 5-7 7-5,,2,1,18,16,0,0,TRUE,177156,0,150,2,3,108,70,43,22,17,9,13,4,6,98,54,40,18,17,4,9
169148,4055,282,19/06/2017,G,FALSE,R32,3,6284,FRA,6,,15,2570,,,23.318275,185,5515,GER,,,49,883,,,27.151266,193,1-6 6-3 6-4,,2,1,13,13,0,0,TRUE,169148,0,79,12,4,75,49,35,13,13,2,5,15,7,73,35,32,17,13,2,5
165639,3973,272,18/04/2016,C,FALSE,R32,3,5231,UKR,11,,30,1260,,,27.444216,180,5528,RUS,,,68,748,,,25.943874,185,4-6 7-6(9) 6-4,,2,1,16,16,1,0,TRUE,165639,0,125,12,2,101,61,44,25,16,1,3,7,0,113,70,51,19,16,5,7
168029,4030,272,13/02/2017,H,TRUE,R32,3,24020,USA,,WC,180,318,,,19.46338,211,11549,USA,,WC,100,594,,,20.347708,,6-1 7-5,,2,0,13,6,0,0,TRUE,168029,0,70,15,1,61,37,27,15,10,4,5,3,4,44,22,17,9,9,0,4
166545,3993,276,18/07/2016,C,FALSE,R32,3,4992,NED,,,115,523,,,28.91718,190,4927,FRA,,Q,159,350,,,29.138947,203,7-5 6-2,,2,0,13,7,0,0,TRUE,166545,0,72,2,0,66,37,26,17,10,0,1,3,1,68,45,28,11,10,2,6
164496,3944,4,26/10/2015,H,FALSE,R32,3,4654,URU,,,37,1100,,,29.815195,180,5793,ESP,,,70,719,,,24.290213,188,6-2 6-3,,2,0,12,5,0,0,TRUE,164496,0,,4,0,47,30,25,11,9,0,0,1,1,50,32,19,9,8,6,9
174268,4182,297,22/04/2019,C,FALSE,QF,3,26413,ITA,,,55,927,,,23.025326,196,4654,URU,,,73,757,,,33.30322,180,6-3 1-6 6-3,,2,1,13,12,0,0,TRUE,174268,0,112,6,2,76,46,38,10,13,6,9,1,4,76,41,29,17,12,7,10
177229,4253,270,12/10/2020,H,FALSE,R32,3,33214,CAN,2,,12,2695,,,21.494867,185,4677,SRB,,LL,197,298,,,34.669403,193,6-2 6-3,,2,0,12,5,0,0,TRUE,177229,0,62,10,1,43,28,24,8,8,0,0,5,1,51,38,22,6,9,0,4
176632,4241,272,17/02/2020,C,FALSE,R32,3,50371,BRA,,WC,206,235,,,19.939768,,45045,ESP,,,90,655,,,20.703629,183,5-7 7-6(3) 7-5,,2,1,18,18,1,0,TRUE,176632,0,229,5,6,132,67,44,30,18,6,12,1,2,159,104,61,27,18,15,21
177169,4251,273,12/10/2020,H,TRUE,R32,3,27834,POL,6,,31,1468,,,23.665981,196,17203,AUS,,LL,116,539,,,23.446955,,6-2 7-5,,2,0,13,7,0,0,TRUE,177169,0,92,1,1,63,41,29,11,10,3,5,1,6,63,39,25,8,10,5,10
165725,3976,275,25/04/2016,C,FALSE,R32,3,5571,SRB,,,69,748,,,25.820671,180,5938,ARG,,Q,162,337,,,24.112251,,7-5 6-4,,2,0,13,9,0,0,TRUE,165725,0,104,1,2,77,54,42,8,11,8,9,0,5,77,47,32,13,11,6,9
162889,3909,49,3/05/2015,C,FALSE,QF,3,4606,CZE,6,,7,4960,,,29.626284,196,4544,USA,16,,18,1765,,,30.020535,206,3-6 7-6(7) 7-6(1),,2,1,15,18,2,0,TRUE,162889,0,130,11,1,91,50,43,29,16,0,1,29,0,104,80,63,13,17,4,4
170848,4098,271,5/02/2018,H,TRUE,R32,3,4570,CYP,,,123,474,,,32.63792,183,6085,ITA,,LL,185,286,,,25.141684,185,7-6(4) 6-3,,2,0,12,9,1,0,TRUE,170848,0,103,11,1,79,40,32,20,10,5,6,5,5,74,32,23,23,11,5,8
161782,3882,25,12/01/2015,H,FALSE,SF,3,5166,FRA,,,44,913,,,26.537987,183,6284,FRA,,LL,136,391,,,20.884325,185,6-4 3-6 7-5,,2,1,16,15,0,0,TRUE,161782,0,113,5,3,82,50,39,18,15,1,3,11,4,90,55,37,21,16,1,4
161703,3880,4,5/01/2015,H,FALSE,R32,3,3333,CRO,7,,27,1320,,,35.852158,208,4585,CZE,,,30,1210,,,29.451061,196,7-6(4) 6-3,,2,0,12,9,1,0,TRUE,161703,0,92,27,0,77,47,38,19,11,8,8,7,3,75,48,36,13,10,5,6
169801,4071,299,21/08/2017,H,FALSE,SF,3,5131,ESP,1,,15,2425,,,29.352499,183,5515,GER,,,56,883,,,27.323751,193,6-2 6-4,,2,0,12,6,0,0,TRUE,169801,0,73,2,2,45,24,19,14,9,0,1,6,4,64,28,22,10,9,4,8
167934,4026,288,6/02/2017,H,TRUE,R16,3,644,GER,4,,21,1735,,,19.800137,198,5370,SLO,,,109,547,,,27.556469,181,7-5 3-6 6-4,,2,1,16,15,0,0,TRUE,167934,0,122,10,10,115,65,49,17,16,11,15,4,3,85,49,32,18,15,7,11
168419,4039,262,20/03/2017,H,FALSE,R64,3,5663,BEL,8,,12,2975,,,26.283367,163,5971,BAR,,Q,121,488,,,24.898016,,7-5 6-1,,2,0,13,6,0,0,TRUE,168419,0,86,1,4,61,33,24,16,10,2,4,1,4,64,31,16,15,9,8,13
170226,4080,293,16/10/2017,H,TRUE,R16,3,5663,BEL,1,,10,2885,,,26.858316,163,26010,USA,,WC,79,650,,,19.737165,188,7-6(1) 6-2,,2,0,12,8,1,0,TRUE,170226,0,79,8,3,61,31,25,20,10,5,6,3,5,61,34,23,10,10,0,3
168905,4050,276,22/05/2017,C,FALSE,R32,3,4546,ARG,,,64,793,,,32.068447,188,5571,SRB,,,79,669,,,26.893908,180,6-4 0-6 7-5,,2,1,13,15,0,0,TRUE,168905,0,119,3,0,88,61,39,16,14,4,7,6,2,87,60,46,13,14,4,6
172111,4128,282,25/06/2018,G,FALSE,R32,3,11787,GBR,,WC,79,718,,,22.839151,188,4973,GER,,Q,316,161,,,30.940453,196,7-5 6-7(4) 6-2,,2,1,19,13,0,1,TRUE,172111,0,129,5,4,105,64,50,25,16,8,8,13,4,99,71,50,18,16,6,9
171542,4113,283,23/04/2018,C,FALSE,R32,3,3852,ESP,12,,30,1420,,,36.58864,188,5571,SRB,,,91,664,,,27.813826,180,6-4 2-6 6-4,,2,1,14,14,0,0,TRUE,171542,0,138,13,1,104,48,38,26,14,11,13,3,0,97,72,44,16,14,5,7
165481,3969,270,21/03/2016,H,FALSE,R32,3,5763,BUL,26,,28,1385,,,24.848734,188,4913,GBR,2,,2,8370,,,28.85147,190,6-7(1) 6-4 6-3,,2,1,18,13,0,1,TRUE,165481,0,145,6,8,90,47,35,21,15,5,8,8,2,90,51,33,18,16,1,7
176143,4228,243,6/01/2020,H,FALSE,RR,3,5868,ITA,,,82,637,,,28.05202,185,26006,USA,,,31,1315,,,22.19028,193,7-6(3) 7-6(1),,2,0,12,12,2,0,TRUE,176143,0,102,17,0,71,47,44,11,12,3,4,6,2,81,57,39,15,12,5,6
165776,3978,239,2/05/2016,C,FALSE,R64,3,3285,CZE,,Q,148,373,,,37.429157,185,5565,CAN,,,47,975,,,25.859001,193,6-1 6-7(4) 6-4,,2,1,18,11,0,1,TRUE,165776,0,131,0,3,88,60,48,16,14,2,3,8,2,102,55,41,19,15,9,14
172046,4126,272,18/06/2018,G,FALSE,R32,3,5166,FRA,,,26,1535,,,29.968515,183,5543,GBR,,WC,340,138,,,28.071184,175,6-4 0-6 7-5,,2,1,13,15,0,0,TRUE,172046,0,121,11,5,85,53,33,17,14,2,6,2,2,89,49,36,19,14,6,9
165642,3973,275,18/04/2016,C,FALSE,R32,3,644,GER,,,51,895,,,18.995209,198,5057,BRA,15,,35,1165,,,28.301163,188,6-3 6-7(3) 7-5,,2,1,19,14,0,1,TRUE,165642,0,147,5,4,112,75,44,23,17,3,7,2,7,103,58,38,21,16,6,12
168303,4038,241,6/03/2017,H,FALSE,R64,3,6387,AUS,15,,16,2255,,,21.859001,193,4546,ARG,,,73,714,,,31.857632,188,6-3 6-4,,2,0,12,7,0,0,TRUE,168303,0,71,10,0,53,34,29,14,10,3,3,4,2,51,30,20,11,9,0,2
169179,4056,282,19/06/2017,G,FALSE,R32,3,4541,FRA,5,,10,3040,,,32.172485,188,5166,FRA,,,62,766,,,28.971937,183,6-2 6-2,,2,0,12,4,0,0,TRUE,169179,0,66,8,2,45,31,28,3,8,0,1,2,1,67,46,22,11,8,8,13
175493,4210,291,16/09/2019,H,TRUE,R16,3,5324,FRA,3,,23,1508,,,30.35729,196,4752,FRA,,,41,1200,,,33.245724,185,3-6 6-3 6-4,,2,1,15,13,0,0,TRUE,175493,0,97,15,4,77,42,36,16,14,3,5,4,2,78,54,42,11,14,3,6
162918,3910,23,10/05/2015,C,FALSE,R64,3,4259,GER,,,23,1535,,,31.56742,178,5375,USA,,,48,920,,,25.798767,183,6-4 6-1,,2,0,12,5,0,0,TRUE,162918,0,69,5,0,41,24,22,10,8,0,0,1,5,69,36,23,14,9,8,12
175135,4204,291,29/07/2019,H,FALSE,R16,3,6409,AUS,,WC,191,269,,,23.29911,,6284,FRA,4,,29,1385,,,25.42642,185,2-6 6-4 6-3,,2,1,14,13,0,0,TRUE,175135,0,121,12,4,85,51,37,19,13,4,6,5,8,102,66,45,17,14,5,8
166682,3996,286,25/07/2016,H,FALSE,R16,3,4526,SUI,2,,5,4720,,,31.326488,183,6044,USA,16,,26,1495,,,23.83299,185,7-6(3) 6-2,,2,0,12,8,1,0,TRUE,166682,0,84,4,2,71,37,26,24,10,3,3,6,3,66,43,30,13,10,4,6
166805,3999,154,8/08/2016,H,FALSE,R16,3,5438,USA,12,,22,1510,,,26.622862,188,5528,RUS,,,84,691,,,26.250513,185,6-1 6-1,,2,0,12,2,0,0,TRUE,166805,0,64,5,2,39,24,18,9,7,0,1,1,0,51,31,12,7,7,4,10
168264,4037,297,27/02/2017,C,FALSE,QF,3,4654,URU,3,,33,1085,,,31.156742,180,6029,ARG,6,,44,935,,,24.53388,170,5-7 6-4 6-4,,2,1,17,15,0,0,TRUE,168264,0,133,11,4,95,56,45,16,16,6,10,0,3,98,64,41,18,16,3,8
173038,4149,255,8/10/2018,H,FALSE,R64,3,5044,AUS,,,51,974,,,30.86653,188,26010,USA,,,40,1115,,,20.714579,188,3-6 6-4 6-3,,2,1,15,13,0,0,TRUE,173038,0,109,4,2,81,51,39,13,14,2,5,8,2,90,54,38,17,14,4,8
162223,3894,26,23/02/2015,C,FALSE,SF,3,4337,ARG,,,60,815,,,30.90486,185,4596,ESP,,,89,575,,,29.508556,183,6-3 6-7(6) 6-4,,2,1,18,13,0,1,TRUE,162223,0,148,2,1,110,86,53,12,15,12,15,7,5,102,51,37,21,16,4,10
174215,4180,241,15/04/2019,C,FALSE,R64,3,5515,GER,,,44,990,,,28.971937,193,33214,CAN,15,,20,1820,,,20,185,5-7 6-3 6-1,,2,1,17,11,0,0,TRUE,174215,0,118,4,4,90,46,33,21,14,6,9,1,10,100,58,36,18,14,10,16
169104,4053,296,12/06/2017,G,FALSE,QF,3,3333,CRO,3,,24,1730,,,38.286106,208,6407,RUS,,Q,65,760,,,21.333334,198,6-4 6-4,,2,0,12,8,0,0,TRUE,169104,0,58,7,1,49,32,28,12,10,0,0,4,2,63,43,28,11,10,1,3
163791,3928,40,3/08/2015,H,FALSE,R16,3,5442,JPN,2,,5,5525,,,25.59343,178,4914,ARG,16,,35,1080,,,28.219028,188,6-4 6-4,,2,0,12,8,0,0,TRUE,163791,0,,4,1,49,32,29,11,10,0,0,3,3,57,40,27,10,10,4,6
175819,4220,271,21/10/2019,H,TRUE,R32,3,45105,AUS,,WC,28,1440,,,20.673512,183,6184,BOL,,Q,78,693,,,26.346338,,6-1 7-5,,2,0,13,6,0,0,TRUE,175819,0,96,2,2,73,42,27,14,10,5,8,0,0,56,44,23,2,9,1,7
171142,4108,183,5/03/2018,H,FALSE,R128,3,6107,JPN,,Q,109,539,,,25.100616,,11787,GBR,,Q,111,529,,,22.532513,188,6-3 1-6 6-1,,2,1,13,10,0,0,TRUE,171142,0,104,5,3,80,53,37,11,12,1,3,2,6,78,44,33,12,11,5,8
165790,3978,257,2/05/2016,C,FALSE,R64,3,4752,FRA,10,,12,2635,,,29.87269,185,6134,ESP,,Q,116,514,,,23.110199,183,6-1 7-6(5),,2,0,12,7,1,0,TRUE,165790,0,107,3,2,70,48,38,12,10,3,3,4,3,62,34,22,17,9,4,6
168315,4038,253,6/03/2017,H,FALSE,R64,3,26006,USA,,WC,136,426,,,19.353867,193,5220,CRO,6,,7,3590,,,28.435318,198,4-6 7-5 6-4,,2,1,17,15,0,0,TRUE,168315,0,137,10,3,106,60,41,20,16,8,13,11,8,95,49,35,19,16,2,8
162967,3911,17,17/05/2015,C,FALSE,R16,3,5057,BRA,,,60,823,,,27.381247,188,4794,UZB,,,66,725,,,28.692677,188,6-4 6-4,,2,0,12,8,0,0,TRUE,162967,0,76,2,3,62,40,34,12,10,2,2,1,1,59,39,28,10,10,6,8
166800,3999,149,8/08/2016,H,FALSE,R16,3,5131,ESP,10,,17,1970,,,28.31759,183,4180,LUX,,,37,1185,,,33.251198,193,6-4 7-6(4),,2,0,12,10,1,0,TRUE,166800,0,91,1,2,60,37,33,15,11,3,4,3,1,66,45,30,12,11,1,3
167945,4026,299,6/02/2017,H,TRUE,SF,3,4752,FRA,3,,22,1725,,,30.639288,185,5324,FRA,,,43,1040,,,27.750856,196,6-2 6-2,,2,0,12,4,0,0,TRUE,167945,0,68,3,2,59,41,29,9,8,3,4,5,2,47,19,12,8,8,2,7
175105,4203,294,29/07/2019,C,FALSE,QF,3,5070,ESP,,SE,69,860,,,31.529089,188,4868,FRA,,,74,805,,,32.457222,188,6-3 6-4,,2,0,12,7,0,0,TRUE,175105,0,74,4,2,55,39,30,8,10,0,1,6,5,62,39,24,9,9,4,7
167580,4018,297,2/01/2017,H,FALSE,QF,3,6407,RUS,,,99,611,,,20.89254,198,6061,SVK,,Q,117,501,,,24.161533,,6-1 6-4,,2,0,12,5,0,0,TRUE,167580,0,84,8,2,55,37,28,7,8,3,4,3,5,69,45,26,9,9,6,11
162661,3903,31,12/04/2015,C,FALSE,R32,3,4467,FRA,10,,13,2210,,,30.29158,183,5324,FRA,,Q,90,587,,,25.930185,196,6-4 7-5,,2,0,13,9,0,0,TRUE,162661,0,108,1,6,96,64,37,13,11,10,15,4,8,68,35,21,8,11,2,9
163728,3927,4,3/08/2015,C,FALSE,R32,3,10580,AUT,,WC,256,186,,,21.930185,,5370,SLO,,,57,821,,,26.042437,181,6-7(2) 6-4 6-1,,2,1,18,11,0,1,TRUE,163728,0,,7,4,104,68,50,15,15,5,8,9,5,93,52,38,15,14,5,11
175733,4217,273,14/10/2019,H,TRUE,R32,3,5539,ARG,5,,20,1620,,,29.409992,185,5367,GER,,,111,500,,,30.247776,185,5-7 6-4 7-6(2),,2,1,17,17,1,0,TRUE,175733,0,145,16,5,118,66,49,32,17,5,7,4,4,110,66,57,17,17,8,10
166517,3992,275,18/07/2016,C,FALSE,R32,3,6123,FRA,,Q,182,296,,,23.370295,,5420,MDA,,,89,655,,,26.683094,175,6-4 6-2,,2,0,12,6,0,0,TRUE,166517,0,65,6,1,48,34,26,9,9,0,1,1,4,62,43,24,10,9,5,9
164413,3941,10,19/10/2015,H,FALSE,R32,3,4868,FRA,6,,29,1390,,,28.681725,188,6409,AUS,,,74,664,,,19.523615,,7-5 4-6 7-5,,2,1,18,16,0,0,TRUE,164413,0,,8,13,95,56,46,22,17,6,8,17,3,98,51,41,26,17,3,6
173802,4172,293,18/02/2019,C,FALSE,R16,3,11485,SRB,,,90,627,,,23.715263,188,6107,JPN,,,73,726,,,26.058865,,6-4 6-2,,2,0,12,6,0,0,TRUE,173802,0,85,13,2,47,24,20,17,9,0,0,0,1,59,34,21,13,9,2,5
170929,4101,270,12/02/2018,H,TRUE,R32,3,5763,BUL,2,,5,4425,,,26.746065,188,5209,JPN,,,41,1235,,,29.40178,173,6-4 7-6(5),,2,0,12,10,1,0,TRUE,170929,0,106,9,4,75,45,34,15,11,0,1,1,0,79,44,29,20,11,3,5
170059,4075,297,25/09/2017,H,FALSE,QF,3,5539,ARG,,,72,712,,,27.359343,185,26006,USA,,Q,94,554,,,19.90965,193,6-3 7-6(3),,2,0,12,9,1,0,TRUE,170059,0,101,5,2,73,49,35,13,10,5,6,9,3,86,56,40,10,11,7,10
173434,4162,282,7/01/2019,H,FALSE,R32,3,4311,ITA,8,,37,1100,,,34.87748,190,4868,FRA,,,36,1120,,,31.901438,188,7-5 2-6 6-4,,2,1,15,15,0,0,TRUE,173434,0,111,9,5,95,48,40,19,15,10,14,12,6,79,43,28,19,15,1,5
171976,4123,291,11/06/2018,G,FALSE,R16,3,5044,AUS,,,69,833,,,30.540726,188,4180,LUX,3,,32,1300,,,35.091034,193,6-3 7-5,,2,0,13,8,0,0,TRUE,171976,0,84,6,2,68,44,35,12,11,4,5,12,2,72,48,38,5,10,7,10
171554,4113,295,23/04/2018,C,FALSE,QF,3,26577,GRE,,,63,822,,,19.696098,193,6219,AUT,3,,7,3755,,,24.635181,185,6-3 6-2,,2,0,12,5,0,0,TRUE,171554,0,80,2,0,52,29,21,15,9,1,2,0,4,53,27,19,9,8,4,8
171185,4108,253,5/03/2018,H,FALSE,R64,3,6044,USA,8,,10,2650,,,25.442848,185,5333,ITA,,,77,688,,,28.774813,,6-2 7-5,,2,0,13,7,0,0,TRUE,171185,0,82,7,1,59,35,28,14,10,1,2,0,4,62,37,26,8,10,4,8
171106,4106,296,26/02/2018,H,FALSE,QF,3,5131,ESP,3,,23,1845,,,29.869951,183,6418,CRO,,,50,981,,,21.284052,188,7-6(4) 6-4,,2,0,12,10,1,0,TRUE,171106,0,102,2,1,69,49,38,10,11,1,2,6,1,69,45,31,15,11,3,5
166632,3995,291,18/07/2016,H,FALSE,R16,3,3333,CRO,13,,35,1235,,,37.385353,208,6057,AUS,3,,19,1850,,,23.739904,193,7-6(4) 6-3,,2,0,12,9,1,0,TRUE,166632,0,65,21,4,59,39,37,12,11,0,0,7,2,60,35,27,16,10,1,2
173055,4149,275,8/10/2018,H,FALSE,R32,3,45105,AUS,,,33,1238,,,19.638603,183,5324,FRA,,Q,62,850,,,29.418207,196,6-4 6-3,,2,0,12,7,0,0,TRUE,173055,0,,2,2,75,54,36,11,10,6,7,1,0,60,27,18,16,9,3,6
168877,4049,277,15/05/2017,C,FALSE,R32,3,6219,AUT,8,,7,4035,,,23.696098,185,4654,URU,,,23,1840,,,31.367556,180,7-6(4) 6-4,,2,0,12,10,1,0,TRUE,168877,0,103,3,2,65,34,26,20,11,2,4,2,5,82,53,35,13,11,7,10
173585,4164,286,4/02/2019,C,FALSE,R16,3,44493,ESP,,,81,668,,,21.752224,183,6051,ITA,2,,19,1870,,,26.346338,185,6-3 3-6 6-1,,2,1,15,10,0,0,TRUE,173585,0,98,3,2,81,53,38,17,13,1,2,4,3,66,48,36,7,12,0,3
165679,3974,284,18/04/2016,C,FALSE,R32,3,4894,NED,,,64,765,,,29.034908,190,5056,ITA,,Q,170,318,,,28.309378,,7-6(4) 6-4,,2,0,12,10,1,0,TRUE,165679,0,108,4,3,71,47,33,12,11,5,8,2,2,81,41,23,21,11,9,13
175924,4224,1101,19/11/2019,H,TRUE,RR,3,25897,RUS,,,23,1584,,,22.07803,188,5131,ESP,,,9,2540,,,31.594797,183,3-6 6-3 7-6(0),,2,1,15,15,1,0,TRUE,175924,0,156,16,6,94,53,44,18,15,5,8,10,6,115,81,49,17,15,11,14
167148,4004,299,19/09/2016,H,FALSE,SF,3,4526,SUI,1,,3,6260,,,31.479809,183,5131,ESP,4,,16,1950,,,28.43258,183,7-6(8) 6-2,,2,0,12,8,1,0,TRUE,167148,0,111,7,3,77,45,35,19,10,3,3,1,1,88,57,37,17,10,7,9
168857,4049,252,15/05/2017,C,FALSE,R64,3,4654,URU,,,23,1840,,,31.367556,180,5166,FRA,,Q,47,926,,,28.876112,183,6-4 7-6(2),,2,0,12,10,1,0,TRUE,168857,0,108,5,3,86,56,41,15,11,6,7,2,0,64,43,31,11,11,1,3
176067,4227,15402,1/02/2019,G,FALSE,RR,3,26413,ITA,,,53,904,,,22.795345,196,5422,IND,,,102,550,,,29.21013,,6-4 6-3,,2,0,12,7,0,0,TRUE,176067,0,57,6,0,46,32,25,12,10,0,0,0,0,59,43,28,7,9,4,7
170293,4083,275,23/10/2017,H,TRUE,R32,3,3898,FRA,,Q,93,575,,,35.841206,185,5375,USA,,,58,865,,,28.251883,183,6-4 6-2,,2,0,12,6,0,0,TRUE,170293,0,76,7,4,52,31,25,12,9,2,3,4,7,64,31,22,11,9,6,10
171235,4109,179,19/03/2018,H,FALSE,R128,3,4022,RUS,,,102,589,,,35.73169,183,5539,ARG,,,61,865,,,27.838467,185,7-6(3) 7-6(2),,2,0,12,12,2,0,TRUE,171235,0,123,2,6,99,65,41,19,12,10,13,6,5,81,48,33,16,12,4,7
170016,4074,279,18/09/2017,H,TRUE,R32,3,5564,LTU,,PR,177,310,,,27.244352,175,9038,GER,,Q,296,167,,,23.271732,,3-6 6-3 6-2,,2,1,15,11,0,0,TRUE,170016,0,94,2,4,77,45,37,17,13,2,3,6,4,79,49,38,13,13,4,7
173087,4150,278,15/10/2018,H,TRUE,R32,3,3852,ESP,,,70,770,,,37.06776,188,26010,USA,7,,45,1055,,,20.733744,188,6-4 7-6(5),,2,0,12,10,1,0,TRUE,173087,0,88,18,0,70,50,37,13,11,0,0,11,3,72,52,37,13,11,6,7
165885,3979,300,9/05/2016,C,FALSE,F,3,4913,GBR,2,,3,7525,,,28.985626,190,4920,SRB,1,,1,16550,,,28.966461,188,6-3 6-3,,2,0,12,6,0,0,TRUE,165885,0,95,5,1,59,38,31,10,9,3,3,5,1,56,32,20,12,9,3,6
164473,3943,12,26/10/2015,H,FALSE,R32,3,4742,ESP,3,,7,4330,,,29.396303,185,4585,CZE,,,69,737,,,30.25599,196,1-6 7-5 7-6(4),,2,1,14,17,1,0,TRUE,164473,0,,4,2,90,55,38,20,15,8,12,8,6,97,56,41,23,16,4,7
162845,3909,5,3/05/2015,C,FALSE,R64,3,6044,USA,,,37,1102,,,22.606434,185,4664,ESP,,WC,43,1025,,,29.275839,180,6-4 7-5,,2,0,13,9,0,0,TRUE,162845,0,104,7,6,70,36,28,17,11,3,5,2,3,91,59,35,15,11,5,9
175010,4199,276,15/07/2019,C,FALSE,R32,3,50810,ITA,,WC,209,239,,,17.91102,188,5148,POR,,,109,528,,,31.132101,180,1-6 6-3 6-4,,2,1,13,13,0,0,TRUE,175010,0,103,1,4,87,46,34,18,13,3,7,4,2,75,52,38,9,13,2,6
171317,4109,290,19/03/2018,H,FALSE,R16,3,6418,CRO,29,,36,1366,,,21.341547,188,33214,CAN,,,46,1076,,,18.926762,185,7-6(2) 4-6 6-4,,2,1,16,16,1,0,TRUE,171317,0,136,1,3,83,59,47,14,16,4,7,6,6,96,49,34,31,16,7,10
170475,4089,272,1/01/2018,H,FALSE,R32,3,11485,SRB,,,88,612,,,22.584532,188,5644,ROU,,,93,601,,,27.208761,193,5-7 6-4 7-5,,2,1,18,16,0,0,TRUE,170475,0,145,8,8,96,56,45,17,17,3,6,9,8,108,53,42,23,17,2,6
170328,4084,279,23/10/2017,H,TRUE,R32,3,5718,FRA,,Q,83,630,,,26.600958,188,6057,AUS,,,145,386,,,25.004791,193,7-6(4) 7-5,,2,0,13,11,1,0,TRUE,170328,0,94,13,2,74,44,36,15,12,3,5,5,6,86,45,32,20,12,6,9
168008,4029,279,13/02/2017,C,FALSE,R32,3,6315,BRA,,,84,645,,,22.707735,183,3607,DOM,,SE,93,604,,,36.533882,173,6-2 6-1,,2,0,12,3,0,0,TRUE,168008,0,50,0,2,37,20,19,11,8,0,1,2,1,43,24,12,5,7,2,7
163447,3920,26,13/07/2015,G,FALSE,QF,3,5430,AUS,,,156,329,,,25.60438,,5140,JPN,,,116,467,,,27.151266,180,6-3 6-7(2) 6-3,,2,1,18,12,0,1,TRUE,163447,0,,15,5,97,60,49,23,16,3,3,5,0,92,61,43,18,14,2,4
163807,3929,9,10/08/2015,H,FALSE,R64,3,4544,USA,16,,12,2180,,,30.288843,206,3794,GER,,,64,770,,,34.14921,178,6-4 6-7(6) 6-3,,2,1,18,13,0,1,TRUE,163807,0,,23,2,114,81,62,16,16,3,3,16,2,103,65,52,19,15,3,5
165135,3962,295,22/02/2016,H,FALSE,QF,3,6219,AUT,4,,15,2020,,,22.469542,185,5763,BUL,7,,26,1375,,,24.772074,188,7-5 6-2,,2,0,13,7,0,0,TRUE,165135,0,96,4,0,62,46,31,11,10,1,2,2,2,81,56,30,14,10,6,10
173387,4160,273,31/12/2018,H,FALSE,R32,3,5528,RUS,,,97,594,,,28.646133,185,4664,ESP,8,,82,658,,,32.936344,180,6-3 5-7 7-6(6),,2,1,17,16,1,0,TRUE,173387,0,150,7,0,109,69,49,19,16,5,8,1,8,106,51,38,27,17,2,6
166161,3986,279,13/06/2016,G,FALSE,R32,3,4385,SRB,,PR,553,58,,,31.975359,180,5763,BUL,,,37,1150,,,25.078712,188,7-6(6) 4-6 6-3,,2,1,16,15,1,0,TRUE,166161,0,146,4,1,112,65,48,25,16,7,8,10,6,93,63,49,17,15,2,3
170753,4095,7201,3/02/2018,H,FALSE,RR,3,38624,HKG,,,1519,2,,,19.175907,,5555,IRI,,,1331,3,,,27.646818,,7-6(1) 6-4,,2,0,12,10,1,0,TRUE,170753,0,137,6,4,81,41,29,22,11,4,7,1,5,88,47,29,18,11,8,12
166391,3990,277,11/07/2016,C,FALSE,R32,3,4198,ESP,8,,56,855,,,33.103355,188,4927,FRA,,,159,350,,,29.119781,203,5-7 6-2 7-6(6),,2,1,17,15,1,0,TRUE,166391,0,151,2,6,105,65,43,22,16,6,10,2,3,106,81,49,14,16,8,13
169518,4065,274,24/07/2017,C,FALSE,R32,3,4467,FRA,4,,39,1095,,,32.572212,183,9719,GER,,WC,121,461,,,22.108145,,6-2 4-6 6-4,,2,1,16,12,0,0,TRUE,169518,0,122,4,2,85,45,33,21,14,2,5,5,1,82,54,33,14,14,5,10
161651,3878,6,4/01/2015,H,FALSE,R32,3,5231,UKR,7,,23,1455,,,26.160164,180,4122,ARG,,,71,700,,,31.920603,183,6-2 6-3,,2,0,12,5,0,0,TRUE,161651,0,78,6,1,49,31,24,12,9,3,4,3,2,78,53,32,8,8,11,15
165015,3958,295,8/02/2016,H,FALSE,QF,3,4789,FRA,5,,18,1800,,,29.437372,193,644,GER,,WC,70,733,,,18.803558,198,7-6(4) 6-3,,2,0,12,9,1,0,TRUE,165015,0,94,9,5,75,47,36,16,11,7,8,4,4,75,49,36,11,10,4,6
163713,3926,20,27/07/2015,C,FALSE,R16,3,4619,ITA,,,71,715,,,29.798767,183,44493,ESP,,WC,683,36,,,18.225872,183,6-1 6-7(5) 6-4,,2,1,18,11,0,1,TRUE,163713,0,,9,2,101,63,47,21,15,3,4,3,1,86,48,32,21,14,2,6
167333,4010,286,17/10/2016,H,FALSE,R16,3,6364,GBR,,,43,1001,,,21.774128,188,3970,ESP,2,,15,2455,,,34.543465,175,6-1 3-6 7-6(3),,2,1,15,13,1,0,TRUE,167333,0,124,5,7,89,53,41,16,14,7,11,2,2,102,71,42,16,14,9,14
173163,4153,271,22/10/2018,H,TRUE,R32,3,45437,AUS,,Q,174,315,,,19.214237,196,5044,AUS,,,39,1134,,,30.90486,188,7-6(4) 6-4,,2,0,12,10,1,0,TRUE,173163,0,92,12,4,74,41,32,17,11,2,4,5,1,65,38,25,18,11,2,5
167961,4027,288,6/02/2017,C,FALSE,R16,3,3893,ITA,3,,46,972,,,35.14579,183,5044,AUS,,PR,564,57,,,29.199179,188,6-4 6-4,,2,0,12,8,0,0,TRUE,167961,0,66,5,1,53,26,23,17,10,0,0,5,1,53,37,28,8,10,2,4
169555,4066,283,31/07/2017,C,FALSE,R32,3,5938,ARG,,,118,462,,,25.377138,,6315,BRA,,LL,110,501,,,23.167694,183,7-5 6-2,,2,0,13,7,0,0,TRUE,169555,0,74,5,2,49,28,26,12,10,0,1,2,6,68,44,31,7,10,8,12
168954,4051,300,22/05/2017,C,FALSE,F,3,4541,FRA,2,,13,2870,,,32.095825,188,4606,CZE,3,,14,2780,,,31.676933,196,7-6(2) 7-5,,2,0,13,11,1,0,TRUE,168954,0,107,13,0,65,42,39,13,12,2,2,4,3,81,48,35,17,12,4,5
171831,4121,300,21/05/2018,C,FALSE,F,3,6219,AUT,1,,8,3195,,,24.711842,185,4467,FRA,,,75,765,,,33.396305,183,3-6 7-6(1) 6-1,,2,1,15,13,1,0,TRUE,171831,0,145,6,6,84,47,34,20,13,5,7,5,2,106,57,36,25,15,5,9
173326,4158,277,31/12/2018,H,FALSE,R32,3,6387,AUS,8,,35,1125,,,23.679672,193,5978,USA,,,62,810,,,26.65024,183,7-6(5) 5-7 7-6(5),,2,1,17,19,2,0,TRUE,173326,0,128,44,3,119,80,63,24,18,1,2,27,3,113,77,60,24,18,5,5
170936,4101,277,12/02/2018,H,TRUE,R32,3,4606,CZE,6,,17,2320,,,32.4052,196,4994,GER,,,53,952,,,30.477755,190,7-5 6-3,,2,0,13,8,0,0,TRUE,170936,0,71,6,1,64,44,36,10,11,5,6,3,0,54,34,23,12,10,2,5
174178,4180,285,15/04/2019,C,FALSE,R32,3,4920,SRB,1,,1,11070,,,31.898699,188,4259,GER,,,40,1090,,,35.496235,178,6-3 4-6 6-4,,2,1,16,13,0,0,TRUE,174178,0,156,1,8,118,73,47,22,15,12,16,3,2,89,50,31,18,14,5,10
169382,4060,275,17/07/2017,C,FALSE,R32,3,5953,SUI,,,100,534,,,25.295004,,44481,SWE,,WC,337,136,,,18.85284,183,7-6(5) 7-5,,2,0,13,11,1,0,TRUE,169382,0,144,2,5,87,58,41,11,12,9,13,0,4,103,74,40,14,12,7,12
175674,4216,280,7/10/2019,H,FALSE,R32,3,5565,CAN,,Q,248,184,,,29.289528,193,5303,POR,,,63,916,,,30.52156,185,6-3 7-5,,2,0,13,8,0,0,TRUE,175674,0,89,15,3,61,34,31,15,11,2,2,2,2,59,37,25,11,10,3,5
169152,4055,286,19/06/2017,G,FALSE,R16,3,4894,NED,,,42,983,,,30.20397,190,6219,AUT,2,,8,3895,,,23.791924,185,6-3 7-6(7),,2,0,12,9,1,0,TRUE,169152,0,94,5,1,77,48,33,19,11,4,5,6,4,70,35,26,19,10,6,8
162435,3899,49,12/03/2015,H,FALSE,R64,3,5670,CAN,6,,6,4980,,,24.197124,196,4619,ITA,,,49,919,,,29.415468,183,6-3 6-4,,2,0,12,7,0,0,TRUE,162435,0,67,13,1,48,28,25,15,10,0,0,3,1,52,31,26,9,9,1,3
167947,4027,271,6/02/2017,C,FALSE,R32,3,4268,COL,,Q,310,161,,,33.232033,185,5550,ITA,,,122,484,,,26.691307,183,6-4 6-3,,2,0,12,7,0,0,TRUE,167947,0,86,2,2,69,45,30,11,9,4,6,6,6,74,41,26,12,10,8,13
166607,3995,263,18/07/2016,H,FALSE,R64,3,5166,FRA,,,55,880,,,28.05202,183,26010,USA,,WC,156,358,,,18.491444,188,7-6(4) 7-5,,2,0,13,11,1,0,TRUE,166607,0,98,6,3,76,42,34,14,12,1,4,8,0,71,47,26,15,12,2,6
163273,3918,26,21/06/2015,G,FALSE,R32,3,5231,UKR,,,75,670,,,26.620123,180,4664,ESP,11,,36,1125,,,29.409992,180,7-6(5) 6-7(5) 6-4,,2,1,18,16,1,1,TRUE,163273,0,,12,6,111,64,52,21,17,3,6,4,4,133,96,62,18,17,13,17
166408,3990,294,11/07/2016,C,FALSE,QF,3,5364,SVK,7,,47,943,,,27.000685,190,4592,ESP,,,156,364,,,30.926762,185,6-4 6-3,,2,0,12,7,0,0,TRUE,166408,0,76,0,1,53,34,24,11,9,2,4,2,2,60,36,19,12,10,3,8
170347,4084,298,23/10/2017,H,TRUE,SF,3,6284,FRA,,,25,1780,,,23.663244,185,6364,GBR,,,63,807,,,22.78987,188,6-7(7) 6-4 6-3,,2,1,18,13,0,1,TRUE,170347,0,137,13,4,99,53,43,29,15,7,7,1,4,97,56,41,23,16,1,4
173138,4152,275,15/10/2018,H,TRUE,R32,3,5349,AUS,,,33,1233,,,29.336071,183,45437,AUS,,Q,180,308,,,19.195072,196,4-6 6-3 6-2,,2,1,16,11,0,0,TRUE,173138,0,104,8,1,85,58,45,14,14,3,4,12,3,82,48,36,14,13,8,11
173664,4167,288,11/02/2019,C,FALSE,R16,3,6051,ITA,3,,18,1870,,,26.365503,185,6412,CHI,,,93,610,,,22.70226,185,7-6(4) 6-4,,2,0,12,10,1,0,TRUE,173664,0,109,2,1,86,50,31,20,11,5,8,0,1,77,48,33,10,11,5,9
162602,3901,26,6/04/2015,C,FALSE,SF,3,5364,SVK,2,,41,1042,,,25.735798,190,5986,BIH,,,87,598,,,22.877481,172,4-6 6-4 6-0,,2,1,16,10,0,0,TRUE,162602,0,111,0,3,89,64,43,12,13,5,7,3,2,71,45,28,14,13,2,7
166625,3995,284,18/07/2016,H,FALSE,R32,3,4570,CYP,15,,41,1095,,,31.085558,183,5349,AUS,,,65,790,,,27.093771,183,6-2 6-4,,2,0,12,6,0,0,TRUE,166625,0,58,4,2,52,35,28,10,9,4,4,0,1,46,34,21,8,9,0,3
164246,3936,14,28/09/2015,H,FALSE,R16,3,6196,CZE,6,,40,1042,,,22.217659,198,11164,CHN,,Q,583,53,,,18.948666,193,6-2 6-3,,2,0,12,5,0,0,TRUE,164246,0,,5,1,46,25,23,13,8,0,0,6,3,51,28,18,10,9,1,5
177175,4252,297,12/10/2020,C,FALSE,QF,3,5891,SRB,,LL,166,362,,,28.717318,,5630,ARG,,,78,791,,,30.020535,190,7-6(3) 6-1,,2,0,12,7,1,0,TRUE,177175,0,93,8,4,92,63,44,15,10,11,12,3,4,55,35,25,8,9,0,3
177173,4252,299,12/10/2020,C,FALSE,SF,3,6051,ITA,,WC,103,671,,,28.032854,185,5891,SRB,,LL,166,362,,,28.717318,,6-1 6-0,,2,0,12,1,0,0,TRUE,177173,0,58,3,0,43,28,21,9,7,0,0,1,2,46,28,14,4,6,6,11
164556,3945,33,2/11/2015,H,FALSE,R16,3,4920,SRB,1,,1,15785,,,28.449007,188,4467,FRA,14,,15,2100,,,30.847364,183,6-3 7-5,,2,0,13,8,0,0,TRUE,164556,0,,2,3,68,40,26,11,11,5,10,0,1,58,35,15,8,10,2,9
171812,4121,279,21/05/2018,C,FALSE,R32,3,5571,SRB,,,68,824,,,27.890486,180,4546,ARG,,,101,610,,,33.065025,188,6-4 6-2,,2,0,12,6,0,0,TRUE,171812,0,63,5,1,47,27,24,13,9,1,1,1,3,61,41,28,8,9,5,8
170490,4089,290,1/01/2018,H,FALSE,R16,3,6106,ESP,,Q,198,260,,,24.93087,,25608,BLR,,Q,230,227,,,23.852156,193,6-4 6-4,,2,0,12,8,0,0,TRUE,170490,0,91,0,0,74,46,31,16,10,6,7,4,3,55,33,26,10,10,1,4
172520,4138,298,30/07/2018,H,FALSE,SF,3,45105,AUS,,,72,803,,,19.446955,183,25897,RUS,16,,46,1000,,,20.774813,188,5-7 7-6(6) 6-4,,2,1,17,17,1,0,TRUE,172520,0,172,12,4,115,67,49,22,17,6,9,8,5,126,80,61,17,17,11,14
168882,4049,282,15/05/2017,C,FALSE,R32,3,5670,CAN,5,,6,4180,,,26.38193,196,3163,GER,,PR,386,115,,,39.115673,188,6-4 6-3,,2,0,12,7,0,0,TRUE,168882,0,74,10,0,55,39,32,10,10,2,2,1,3,56,38,30,5,9,6,8
177326,4257,289,2/11/2020,H,TRUE,R16,3,6029,ARG,6,,9,3285,,,28.213552,170,45045,ESP,,Q,63,963,,,21.412731,183,6-1 6-1,,2,0,12,2,0,0,TRUE,177326,0,60,0,1,51,27,18,15,7,4,4,0,2,34,20,9,3,7,1,6
166732,3998,280,8/08/2016,H,FALSE,R32,3,5046,COL,,,137,417,,,28.698153,188,4801,ISR,,Q,213,260,,,29.894592,188,6-4 6-4,,2,0,12,8,0,0,TRUE,166732,0,79,7,1,59,35,28,16,10,2,2,1,5,83,50,32,15,10,4,6
166533,3992,293,18/07/2016,C,FALSE,R16,3,3852,ESP,1,,21,1675,,,34.825462,188,3902,CZE,,Q,306,158,,,34.537987,190,7-6(4) 6-4,,2,0,12,10,1,0,TRUE,166533,0,101,9,2,62,40,35,13,11,1,2,8,8,86,52,37,15,11,7,9
166109,3984,289,6/06/2016,G,FALSE,R16,3,5216,ARG,,WC,223,230,,,27.701574,198,5349,AUS,,,66,758,,,26.97878,183,6-4 6-4,,2,0,12,8,0,0,TRUE,166109,0,82,8,1,50,35,30,11,10,0,0,1,1,64,40,25,15,10,5,7
171584,4114,298,23/04/2018,C,FALSE,SF,3,6051,ITA,,LL,92,664,,,25.560575,185,4311,ITA,8,,55,951,,,34.168377,190,5-7 7-6(4) 6-3,,2,1,17,16,1,0,TRUE,171584,0,137,8,1,107,80,57,15,17,6,9,4,3,97,59,45,18,16,4,7
170163,4079,252,9/10/2017,H,FALSE,R64,3,4677,SRB,,,54,895,,,31.660507,193,33214,CAN,,WC,50,926,,,18.485968,185,6-7(3) 6-3 6-0,,2,1,18,9,0,1,TRUE,170163,0,103,7,1,81,57,41,18,14,1,2,6,5,82,48,30,18,13,1,6
172467,4137,292,30/07/2018,C,FALSE,R16,3,5571,SRB,8,,66,850,,,28.082136,180,10580,AUT,,WC,136,423,,,24.919918,,6-2 6-4,,2,0,12,6,0,0,TRUE,172467,0,68,5,1,55,29,25,15,9,2,2,2,1,53,38,26,7,9,2,5
172576,4139,299,6/08/2018,H,FALSE,SF,3,4742,ESP,1,,1,9310,,,32.175224,185,11547,RUS,,,38,1175,,,22.209446,198,7-6(3) 6-4,,2,0,12,10,1,0,TRUE,172576,0,109,2,1,69,45,32,14,11,0,1,6,3,74,50,33,12,11,5,7
172516,4138,294,30/07/2018,H,FALSE,QF,3,25897,RUS,16,,46,1000,,,20.774813,188,6031,USA,,,85,683,,,25.94935,180,6-1 6-4,,2,0,12,5,0,0,TRUE,172516,0,74,12,3,59,33,27,13,9,3,3,8,2,50,26,20,8,8,0,3
162546,3900,65,25/03/2015,H,FALSE,R32,3,4920,SRB,1,,1,13205,,,27.83573,188,4326,BEL,,Q,84,603,,,31.025326,178,6-0 7-5,,2,0,13,5,0,0,TRUE,162546,0,89,5,0,52,40,29,8,9,0,1,1,0,87,49,23,18,9,9,14
168191,4035,282,27/02/2017,H,FALSE,R32,3,6387,AUS,6,,17,2075,,,21.839836,193,4533,ISR,,,75,686,,,31.901438,175,3-6 6-3 6-3,,2,1,15,12,0,0,TRUE,168191,0,93,8,5,76,51,41,12,13,1,2,4,5,82,46,32,22,14,6,9
175820,4220,270,21/10/2019,H,TRUE,R32,3,26006,USA,,,31,1360,,,21.979465,193,644,GER,2,,6,4425,,,22.502396,198,7-6(7) 6-4,,2,0,12,10,1,0,TRUE,175820,0,84,14,3,71,46,39,12,11,2,2,8,4,68,44,35,11,11,2,3
163812,3929,14,10/08/2015,H,FALSE,R64,3,4022,RUS,,Q,107,505,,,33.125256,183,4677,SRB,,,19,1629,,,29.494867,193,6-3 7-5,,2,0,13,8,0,0,TRUE,163812,0,,0,1,65,44,31,12,11,2,4,6,1,56,34,23,9,10,3,7
172975,4147,281,1/10/2018,H,FALSE,R32,3,4921,ITA,4,,13,2225,,,31.356606,178,5420,MDA,,Q,102,577,,,28.887064,175,1-6 6-3 6-3,,2,1,13,12,0,0,TRUE,172975,0,107,3,3,88,67,41,5,13,7,13,3,2,76,48,29,11,12,10,16
166191,3987,255,20/06/2016,G,FALSE,R64,3,4291,TUN,,,60,824,,,32.416153,185,4865,GBR,,WC,177,309,,,29.360712,190,6-1 3-6 6-4,,2,1,15,11,0,0,TRUE,166191,0,97,5,8,79,43,29,20,13,3,6,8,7,80,44,30,13,13,5,10
168188,4035,279,27/02/2017,H,FALSE,R32,3,5016,USA,,,40,1000,,,29.393566,198,6364,GBR,,,45,933,,,22.138262,188,6-2 4-6 6-3,,2,1,16,11,0,0,TRUE,168188,0,118,11,2,94,48,40,24,14,8,9,6,7,95,50,34,20,13,5,8
167110,4003,288,19/09/2016,H,FALSE,R16,3,6284,FRA,3,,18,1831,,,22.570843,185,5718,FRA,,,108,550,,,25.508556,188,6-4 6-7(6) 6-4,,2,1,18,14,0,1,TRUE,167110,0,115,13,4,101,51,44,28,16,3,3,17,2,96,58,49,19,16,2,4
173047,4149,266,8/10/2018,H,FALSE,R64,3,11429,USA,,Q,78,701,,,23.479809,,5670,CAN,14,,20,1800,,,27.780972,196,6-3 5-7 6-3,,2,1,17,13,0,0,TRUE,173047,0,114,7,3,91,63,47,18,15,3,4,23,4,88,56,43,15,15,3,6
169111,4054,273,12/06/2017,G,FALSE,R32,3,5324,FRA,,,49,915,,,28.095825,196,4677,SRB,8,,40,1000,,,31.334702,193,6-4 6-4,,2,0,12,8,0,0,TRUE,169111,0,63,6,4,56,25,20,17,10,1,3,4,2,61,32,19,15,10,2,6
162778,3906,19,27/04/2015,C,FALSE,R16,3,6418,CRO,,,55,869,,,18.44764,188,4348,POR,,WC,227,216,,,31.04449,178,6-4 5-7 6-1,,2,1,17,12,0,0,TRUE,162778,0,147,4,0,79,45,34,22,15,3,5,0,3,105,77,44,15,14,10,14
171540,4113,281,23/04/2018,C,FALSE,R32,3,5663,BEL,4,,10,2930,,,27.37577,163,4716,ESP,,WC,129,435,,,32.030117,190,4-6 7-6(2) 6-2,,2,1,16,14,1,0,TRUE,171540,0,143,1,0,80,46,33,25,15,0,3,6,5,105,66,43,20,15,2,6
172903,4144,294,17/09/2018,H,TRUE,QF,3,5364,SVK,,,65,823,,,29.18549,190,33214,CAN,7,,34,1270,,,19.42505,185,3-6 7-5 6-3,,2,1,16,14,0,0,TRUE,172903,0,123,3,1,84,47,36,23,15,2,4,7,3,93,58,40,21,15,3,6
171518,4113,248,23/04/2018,C,FALSE,R64,3,5539,ARG,,,60,858,,,27.934292,185,5367,GER,,,50,979,,,28.772074,185,6-4 6-4,,2,0,12,8,0,0,TRUE,171518,0,89,9,1,64,41,33,11,10,4,5,7,1,75,45,33,11,10,5,8
175488,4210,296,16/09/2019,H,TRUE,QF,3,5324,FRA,3,,23,1508,,,30.35729,196,6282,FRA,,WC,98,558,,,25.57974,183,7-6(4) 6-4,,2,0,12,10,1,0,TRUE,175488,0,79,14,2,61,40,33,12,11,0,1,5,0,78,52,37,12,11,7,9
175307,4207,241,12/08/2019,H,FALSE,R64,3,5663,BEL,16,,19,1815,,,28.678988,163,26006,USA,,,25,1545,,,21.787817,193,6-4 4-6 6-4,,2,1,16,14,0,0,TRUE,175307,0,145,6,9,110,64,41,24,15,8,11,7,3,104,51,38,25,15,6,10
176489,4237,299,10/02/2020,H,TRUE,SF,3,4311,ITA,,,98,601,,,35.969883,190,5351,TPE,,Q,131,400,,,30.655716,,6-3 6-2,,2,0,12,5,0,0,TRUE,176489,0,83,3,0,50,35,25,7,8,2,3,5,1,76,49,28,8,9,8,13
169478,4063,292,24/07/2017,H,FALSE,R16,3,6364,GBR,5,,45,933,,,22.540726,188,5367,GER,,SE,108,508,,,28.024641,185,2-6 6-4 7-5,,2,1,15,15,0,0,TRUE,169478,0,121,12,5,93,50,36,21,15,4,7,14,3,89,47,37,21,15,2,5
173871,4174,286,25/02/2019,H,FALSE,R16,3,3819,SUI,2,,7,4100,,,37.549625,185,4269,ESP,,,32,1200,,,35.279945,188,6-3 3-6 6-3,,2,1,15,12,0,0,TRUE,173871,0,94,10,2,78,55,43,15,14,2,3,3,4,70,46,38,11,13,2,4
161700,3880,1,5/01/2015,H,FALSE,R32,3,4920,SRB,1,,1,11360,,,27.624914,188,5571,SRB,,,68,711,,,24.517454,180,6-2 6-1,,2,0,12,3,0,0,TRUE,161700,0,59,3,2,50,35,24,8,8,3,4,0,2,43,27,13,5,7,1,6
176445,4235,289,3/02/2020,H,FALSE,R16,3,6196,CZE,,,107,520,,,26.568104,198,6085,ITA,7,,98,588,,,27.13484,185,7-6(5) 6-4,,2,0,12,10,1,0,TRUE,176445,0,110,14,5,72,47,38,13,11,7,8,7,3,79,42,30,20,11,8,10
176158,4228,228,6/01/2020,H,FALSE,RR,3,27834,POL,,,37,1198,,,22.899384,196,6029,ARG,,,13,2125,,,27.38946,170,4-6 6-2 6-3,,2,1,16,11,0,0,TRUE,176158,0,138,18,3,95,66,51,11,14,5,6,1,3,90,48,34,21,13,2,5
168150,4034,272,20/02/2017,C,FALSE,R32,3,6029,ARG,,,51,865,,,24.514715,170,5938,ARG,,,92,605,,,24.936344,,6-2 3-6 6-4,,2,1,15,12,0,0,TRUE,168150,0,142,2,3,77,49,29,16,13,5,9,3,5,122,73,37,25,14,15,21
173319,4158,286,31/12/2018,H,FALSE,R16,3,5442,JPN,2,,9,3590,,,29.004791,178,6031,USA,,,63,810,,,26.37098,180,7-5 6-2,,2,0,13,7,0,0,TRUE,173319,0,79,7,2,56,32,27,15,10,0,0,5,3,60,36,26,8,10,4,7
172508,4138,286,30/07/2018,H,FALSE,R16,3,25897,RUS,16,,46,1000,,,20.774813,188,11483,USA,,WC,152,373,,,22.436687,,6-3 6-2,,2,0,12,5,0,0,TRUE,172508,0,66,6,0,56,34,24,13,8,5,6,3,3,62,37,21,10,9,4,9
165340,3968,230,7/03/2016,H,FALSE,R128,3,5166,FRA,,,60,800,,,27.687885,183,4585,CZE,,,50,897,,,30.620123,196,4-6 6-3 6-4,,2,1,16,13,0,0,TRUE,165340,0,124,7,1,95,54,40,22,15,7,9,7,2,103,71,43,19,14,10,13
173941,4176,274,4/03/2019,H,FALSE,R32,3,3819,SUI,4,,4,4600,,,37.568787,185,4526,SUI,,,40,1130,,,33.932922,183,6-3 6-4,,2,0,12,7,0,0,TRUE,173941,0,59,4,0,50,34,28,12,10,0,0,8,1,51,37,22,10,9,4,6
174767,4194,286,24/06/2019,G,FALSE,R16,3,5166,FRA,2,,37,1171,,,30.984257,183,6134,ESP,,,72,742,,,26.253252,183,3-6 6-1 7-5,,2,1,16,12,0,0,TRUE,174767,0,119,14,5,79,45,35,18,14,0,2,8,3,96,59,39,16,14,11,15
167187,4006,283,26/09/2016,H,FALSE,R32,3,5427,ESP,,,77,685,,,26.822723,,17204,AUS,,WC,232,228,,,19.34839,,6-2 7-6(5),,2,0,12,8,1,0,TRUE,167187,0,78,8,3,60,32,31,15,10,1,1,5,1,61,31,23,16,10,2,4
172902,4144,293,17/09/2018,H,TRUE,R16,3,6219,AUT,1,,8,3665,,,25.037645,185,5515,GER,,,50,980,,,28.396988,193,7-6(4) 6-4,,2,0,12,10,1,0,TRUE,172902,0,94,10,5,71,40,32,15,11,3,4,5,4,79,43,31,19,11,4,6
177451,4261,4004,6/03/2020,C,FALSE,RR,3,6184,BOL,,,94,638,,,26.710472,,6218,DOM,,,215,229,,,26.505133,,7-5 6-4,,2,0,13,9,0,0,TRUE,177451,0,124,3,1,89,64,45,11,11,12,13,4,7,76,42,33,11,11,8,11
172961,4146,298,24/09/2018,H,FALSE,SF,3,5718,FRA,,,67,799,,,27.520876,188,45105,AUS,7,,40,1133,,,19.600273,183,7-5 2-6 7-6(8),,2,1,15,17,1,0,TRUE,172961,0,154,9,6,116,71,51,22,16,3,6,5,4,101,64,49,21,16,4,6
168116,4032,296,20/02/2017,H,FALSE,QF,3,5216,ARG,7,,42,1020,,,28.410677,198,5016,USA,4,,35,1135,,,29.374401,198,7-5 7-5,,2,0,14,10,0,0,TRUE,168116,0,93,8,2,69,45,39,10,12,0,0,16,3,64,33,30,14,12,3,5
167503,4015,293,31/10/2016,H,FALSE,R16,3,4920,SRB,1,,1,12900,,,29.445585,188,5763,BUL,14,,18,2035,,,25.462013,188,4-6 6-2 6-3,,2,1,16,11,0,0,TRUE,167503,0,143,5,5,94,60,44,16,14,6,8,6,7,95,52,37,17,13,2,6
165591,3972,271,11/04/2016,C,FALSE,R32,3,5324,FRA,16,,22,1596,,,26.926762,196,5303,POR,,,34,1181,,,27.033539,185,6-4 6-3,,2,0,12,7,0,0,TRUE,165591,0,72,3,2,52,29,21,14,10,2,4,0,1,61,35,17,16,9,0,4
169643,4068,298,31/07/2017,H,FALSE,SF,3,644,GER,5,,8,3150,,,20.27926,198,5442,JPN,2,,9,3140,,,27.586584,178,6-3 6-4,,2,0,12,7,0,0,TRUE,169643,0,63,4,1,47,33,31,9,10,0,0,2,2,54,31,22,11,9,1,3
162414,3899,28,12/03/2015,H,FALSE,R128,3,4659,UKR,,,50,919,,,29.169062,193,5016,USA,,,43,1055,,,27.419575,198,2-6 6-4 6-2,,2,1,14,12,0,0,TRUE,162414,0,87,4,0,70,35,22,23,13,2,5,17,4,78,47,38,14,13,4,8
166415,3991,271,11/07/2016,G,FALSE,R32,3,4432,CAN,,Q,254,201,,,31.789185,185,5978,USA,,,158,352,,,24.17796,183,6-4 6-4,,2,0,12,8,0,0,TRUE,166415,0,62,5,3,55,33,27,15,10,0,0,8,0,61,41,29,12,10,3,5
165179,3964,279,22/02/2016,C,FALSE,R32,3,3926,ESP,,,72,720,,,34.06434,,4216,ARG,,Q,148,399,,,32.594112,175,6-3 4-6 6-2,,2,1,16,11,0,0,TRUE,165179,0,143,5,3,103,63,44,19,14,9,11,3,2,97,62,33,23,13,13,17
170690,4093,902,2/02/2018,H,FALSE,RR,3,5573,CHN,,,194,274,,,27.572895,,5023,NZL,,,1027,10,,,30.288843,,5-7 6-1 6-2,,2,1,17,10,0,0,TRUE,170690,0,108,8,6,90,52,38,20,14,2,4,10,6,91,43,29,23,13,8,14
169768,4071,263,21/08/2017,H,FALSE,R64,3,6315,BRA,,,114,491,,,23.225187,183,5231,UKR,,,63,751,,,28.785763,180,6-3 6-3,,2,0,12,6,0,0,TRUE,169768,0,55,8,1,49,32,25,12,9,0,0,5,3,42,22,19,9,9,0,3
168224,4036,284,27/02/2017,H,FALSE,R32,3,4198,ESP,,,97,595,,,33.735798,188,4677,SRB,,,34,1075,,,31.047228,193,6-4 6-3,,2,0,12,7,0,0,TRUE,168224,0,93,1,3,59,36,23,15,9,3,4,4,4,77,41,28,13,10,3,7
177429,4260,1802,6/03/2020,C,FALSE,RR,3,4585,CZE,,,179,285,,,34.606434,196,5403,SVK,,,95,629,,,30.44764,180,6-4 6-4,,2,0,12,8,0,0,TRUE,177429,0,88,3,1,64,47,32,10,10,3,4,3,3,63,36,26,12,10,5,8
174235,4181,283,22/04/2019,C,FALSE,R32,3,5515,GER,,,51,945,,,28.991102,193,5663,BEL,10,,22,1630,,,28.372347,163,7-6(6) 6-3,,2,0,12,9,1,0,TRUE,174235,0,98,6,2,87,48,33,20,11,5,7,5,1,72,37,26,15,10,4,7
176644,4242,291,24/02/2020,H,FALSE,R16,3,4526,SUI,3,,16,2060,,,34.910336,183,23912,ESP,,SE,113,504,,,22.830938,,6-4 6-4,,2,0,12,8,0,0,TRUE,176644,0,90,9,3,53,29,26,8,10,0,2,2,2,69,39,26,9,10,6,10
168843,4048,298,8/05/2017,C,FALSE,SF,3,4742,ESP,4,,5,4375,,,30.9295,185,4920,SRB,2,,2,7085,,,29.96304,188,6-2 6-4,,2,0,12,6,0,0,TRUE,168843,0,98,2,1,57,36,28,10,9,1,2,4,2,56,39,22,7,9,2,6
172984,4147,290,1/10/2018,H,FALSE,R16,3,5902,HUN,,,45,1022,,,26.644764,188,6051,ITA,8,,22,1735,,,26.00137,185,6-4 6-2,,2,0,12,6,0,0,TRUE,172984,0,74,0,3,47,21,19,17,9,0,0,1,2,63,35,21,15,9,2,5
161982,3886,17,2/02/2015,H,FALSE,R16,3,4311,ITA,5,,40,1050,,,30.948666,190,4865,GBR,,,102,539,,,27.980835,190,7-5 6-7(4) 6-3,,2,1,19,14,0,1,TRUE,161982,0,140,9,7,111,57,45,23,17,4,7,7,1,97,63,40,18,16,3,8
163848,3929,50,10/08/2015,H,FALSE,QF,3,4868,FRA,,,49,925,,,28.490076,188,4544,USA,16,,12,2180,,,30.288843,206,6-7(9) 7-6(13) 7-6(4),,2,1,18,18,2,1,TRUE,163848,0,,12,6,134,89,73,29,18,6,7,32,2,132,93,73,25,18,4,5
176441,4235,293,3/02/2020,H,FALSE,R16,3,5396,ITA,,Q,174,297,,,30.428474,,5324,FRA,1,,19,1738,,,30.74059,196,6-4 6-4,,2,0,12,8,0,0,TRUE,176441,0,77,2,2,75,46,30,17,10,7,8,6,1,52,24,17,17,10,1,4
173229,4155,248,29/10/2018,H,TRUE,R64,3,5902,HUN,,,42,1097,,,26.721424,188,5324,FRA,,Q,56,910,,,29.475702,196,6-4 6-4,,2,0,12,8,0,0,TRUE,173229,0,76,0,5,67,37,29,15,10,6,7,5,12,61,28,23,12,10,4,7
167119,4003,297,19/09/2016,H,FALSE,QF,3,6219,AUT,1,,10,3295,,,23.04449,185,4180,LUX,6,,37,1175,,,33.366188,193,6-4 7-6(5),,2,0,12,10,1,0,TRUE,167119,0,82,7,0,58,35,30,18,11,0,0,16,1,68,41,31,16,11,1,2
173693,4168,286,11/02/2019,H,TRUE,R16,3,5351,TPE,,,143,391,,,29.659138,,26010,USA,2,,29,1430,,,21.059547,188,6-3 7-5,,2,0,13,8,0,0,TRUE,173693,0,86,2,2,56,35,29,13,11,1,2,2,1,69,46,31,8,10,4,7
174311,4183,279,29/04/2019,C,FALSE,R32,3,4291,TUN,,,75,732,,,35.271732,185,11769,CHI,,,70,769,,,23.548254,,6-3 3-6 6-4,,2,1,15,13,0,0,TRUE,174311,0,117,2,6,85,44,34,23,14,3,5,5,8,95,56,40,17,14,4,7
168095,4032,275,20/02/2017,H,FALSE,R32,3,4198,ESP,,,99,595,,,33.716633,188,4459,GER,,,84,651,,,32.202602,196,6-3 6-3,,2,0,12,6,0,0,TRUE,168095,0,60,3,4,56,27,23,17,9,1,1,3,7,54,30,22,10,9,3,6
170022,4074,287,18/09/2017,H,TRUE,R16,3,5515,GER,8,,54,898,,,27.400412,193,5333,ITA,,,70,701,,,28.314854,,6-1 6-4,,2,0,12,5,0,0,TRUE,170022,0,83,6,6,75,42,33,10,9,11,13,0,5,53,27,14,12,8,3,8
166858,4000,289,15/08/2016,H,FALSE,R16,3,5220,CRO,12,,14,2605,,,27.879534,198,4606,CZE,6,,8,3660,,,30.910336,196,6-3 4-6 6-4,,2,1,16,13,0,0,TRUE,166858,0,115,23,5,76,43,40,17,15,3,5,12,2,95,59,41,19,14,11,14
176537,4238,278,10/02/2020,H,TRUE,R32,3,11547,RUS,,,17,1995,,,23.723476,198,4921,ITA,5,,11,2400,,,32.717316,178,6-3 6-3,,2,0,12,6,0,0,TRUE,176537,0,79,7,0,48,33,23,12,9,0,1,1,3,61,27,16,14,9,3,7
162114,3891,6,16/02/2015,H,FALSE,R32,3,5663,BEL,6,,20,1659,,,24.194387,163,5655,POL,,,47,905,,,24.260096,203,6-4 6-2,,2,0,12,6,0,0,TRUE,162114,0,76,7,4,58,30,20,17,9,4,5,2,6,62,41,25,8,9,9,13
175006,4199,280,15/07/2019,C,FALSE,R32,3,3893,ITA,,,114,496,,,37.57974,183,5084,GER,,Q,384,45,,,31.42505,,5-7 6-4 7-6(3),,2,1,17,17,1,0,TRUE,175006,0,190,4,3,104,74,51,16,17,5,9,0,3,113,70,45,25,17,3,7
168378,4039,204,20/03/2017,H,FALSE,R128,3,4533,ISR,,,83,663,,,31.958933,175,6314,USA,,Q,456,86,,,22.809034,,6-1 6-1,,2,0,12,2,0,0,TRUE,168378,0,51,1,0,39,20,14,13,7,3,4,2,2,46,21,13,3,7,4,10
169783,4071,281,21/08/2017,H,FALSE,R32,3,4544,USA,3,,14,2425,,,32.320328,206,5709,RUS,,,70,721,,,26.494183,185,2-6 7-6(5) 6-3,,2,1,14,15,1,0,TRUE,169783,0,107,13,5,82,52,40,17,14,2,5,10,0,80,48,37,20,15,0,3
173654,4167,298,11/02/2019,C,FALSE,SF,3,6051,ITA,3,,18,1870,,,26.365503,185,5539,ARG,,,50,930,,,28.73922,185,6-4 6-2,,2,0,12,6,0,0,TRUE,173654,0,69,4,1,52,32,24,13,9,0,0,2,1,47,35,25,4,9,1,4
168242,4037,272,27/02/2017,C,FALSE,R32,3,5658,POR,,,98,584,,,26.261465,178,26000,BRA,,WC,544,63,,,19.052704,,6-2 7-5,,2,0,13,7,0,0,TRUE,168242,0,82,3,2,58,32,28,16,10,3,3,4,3,67,34,20,17,10,2,5
170135,4078,284,2/10/2017,H,FALSE,R32,3,6020,JPN,,WC,214,242,,,25.158112,,5009,CRO,,Q,324,146,,,30.034224,193,6-3 3-6 6-1,,2,1,15,10,0,0,TRUE,170135,0,124,9,1,72,47,39,15,13,2,3,7,4,93,58,40,13,12,8,11
162642,3903,12,12/04/2015,C,FALSE,R64,3,3607,DOM,,,55,861,,,34.694046,173,4619,ITA,,,49,931,,,29.511293,183,6-4 7-6(5),,2,0,12,10,1,0,TRUE,162642,0,99,1,1,74,50,32,16,11,0,2,2,0,72,45,34,12,11,1,4
165669,3974,272,18/04/2016,C,FALSE,R32,3,6107,JPN,,,85,671,,,23.22245,,5416,AUT,,Q,266,193,,,26.45859,,6-2 6-0,,2,0,12,2,0,0,TRUE,165669,0,65,0,2,42,25,18,11,7,3,3,1,1,44,28,14,4,7,1,6
163735,3927,11,3/08/2015,C,FALSE,R32,3,3781,AUT,,WC,130,418,,,34.198494,183,4592,ESP,,,70,710,,,29.98768,185,7-6(3) 6-3,,2,0,12,9,1,0,TRUE,163735,0,,1,4,84,52,40,17,11,9,10,7,6,56,29,24,15,10,0,2
176164,4228,222,6/01/2020,H,FALSE,RR,3,45105,AUS,,,18,1775,,,20.884325,183,644,GER,,,7,3345,,,22.713211,198,4-6 7-6(3) 6-2,,2,1,16,14,1,0,TRUE,176164,0,164,2,0,101,77,52,14,15,7,10,10,14,106,69,52,12,15,8,12
173133,4151,299,15/10/2018,H,TRUE,SF,3,5166,FRA,,,49,1030,,,30.29432,183,4311,ITA,,,46,1051,,,34.647503,190,7-5 7-5,,2,0,14,10,0,0,TRUE,173133,0,93,4,2,70,45,37,12,12,3,4,6,3,70,46,32,12,12,1,4
162536,3900,55,25/03/2015,H,FALSE,R64,3,5046,COL,27,,31,1195,,,27.318275,188,4894,NED,,Q,98,565,,,27.96167,190,6-2 3-6 6-0,,2,1,15,8,0,0,TRUE,162536,0,92,8,2,65,38,32,14,11,2,3,3,3,82,45,30,15,12,4,9
164346,3939,25,11/10/2015,H,FALSE,R32,3,4920,SRB,1,,1,15785,,,28.391512,188,5364,SVK,,,44,990,,,26.253252,190,6-2 6-1,,2,0,12,3,0,0,TRUE,164346,0,,4,0,49,36,21,12,8,0,1,5,4,47,26,14,6,7,5,10
168443,4039,286,20/03/2017,H,FALSE,R16,3,5442,JPN,2,,4,4730,,,27.22245,178,5630,ARG,,,57,840,,,26.455853,190,6-3 4-6 6-3,,2,1,16,12,0,0,TRUE,168443,0,134,2,7,84,49,40,17,14,1,3,3,3,91,51,33,21,14,5,9
171990,4124,276,11/06/2018,G,FALSE,R32,3,5902,HUN,,,46,1087,,,26.338125,188,6031,USA,,Q,112,503,,,25.815195,180,6-3 6-4,,2,0,12,7,0,0,TRUE,171990,0,68,8,4,59,28,26,18,10,5,5,4,2,47,22,19,13,9,0,2
171085,4106,275,26/02/2018,H,FALSE,R32,3,5528,RUS,,,74,727,,,27.802876,185,4879,SLO,,LL,116,484,,,30.98152,188,6-3 6-4,,2,0,12,7,0,0,TRUE,171085,0,89,8,2,72,40,28,16,10,4,6,4,1,57,27,14,16,9,3,7
164918,3955,282,1/02/2016,H,FALSE,R32,3,5166,FRA,8,,49,845,,,27.59206,183,5528,RUS,,,84,657,,,25.733059,185,6-2 7-5,,2,0,13,7,0,0,TRUE,164918,0,83,3,2,69,42,33,15,10,3,3,4,1,62,39,25,11,10,4,7
175817,4220,273,21/10/2019,H,TRUE,R32,3,5953,SUI,,WC,105,541,,,27.556469,,5324,FRA,8,,25,1528,,,30.453114,196,6-3 7-5,,2,0,13,8,0,0,TRUE,175817,0,67,5,1,53,31,26,10,10,2,4,10,5,63,37,26,8,11,5,10
163917,3931,9,23/08/2015,H,FALSE,R64,3,26010,USA,,Q,275,173,,,17.59069,188,5888,AUS,,,92,544,,,23.589323,183,3-6 7-6(4) 7-6(3),,2,1,15,18,2,0,TRUE,163917,0,,20,1,105,67,55,20,16,7,9,30,4,110,66,54,23,17,3,4
174105,4178,300,8/04/2019,C,FALSE,F,3,6412,CHI,,,73,726,,,22.855577,185,34553,NOR,,,95,645,,,20.29295,183,7-6(4) 4-6 6-3,,2,1,16,15,1,0,TRUE,174105,0,149,4,1,105,69,48,20,16,8,11,3,3,99,64,41,21,15,7,10
163255,3918,8,21/06/2015,G,FALSE,R64,3,4659,UKR,,,49,929,,,29.456537,193,5438,USA,,,52,895,,,25.492128,188,6-4 6-3,,2,0,12,7,0,0,TRUE,163255,0,,5,2,61,34,25,15,9,4,5,3,1,72,47,26,13,10,4,8
171321,4109,294,19/03/2018,H,FALSE,QF,3,4544,USA,14,,17,2170,,,32.89528,206,11176,KOR,19,,23,1727,,,21.831623,,6-1 6-4,,2,0,12,5,0,0,TRUE,171321,0,68,13,0,45,32,31,6,9,1,1,3,4,60,38,25,9,8,4,7
170682,4093,101,2/02/2018,C,FALSE,RR,3,5577,AUT,,,98,545,,,27.548254,,25608,BLR,,,190,281,,,23.928816,193,2-6 7-5 6-4,,2,1,15,15,0,0,TRUE,170682,0,135,4,3,88,57,41,18,15,3,6,8,4,103,60,46,18,15,5,8
170126,4078,275,2/10/2017,H,FALSE,R32,3,5044,AUS,,Q,139,419,,,29.850786,188,3333,CRO,,,49,955,,,38.592743,208,6-4 6-3,,2,0,12,7,0,0,TRUE,170126,0,67,3,4,51,33,28,10,9,3,3,13,6,52,34,26,6,10,2,5
162924,3910,29,10/05/2015,C,FALSE,R32,3,4913,GBR,3,,3,7130,,,27.989048,190,4868,FRA,,,38,1120,,,28.24093,188,6-4 6-3,,2,0,12,7,0,0,TRUE,162924,0,85,6,0,50,36,28,9,9,2,2,1,2,54,40,28,6,10,2,5
170483,4089,282,1/01/2018,H,FALSE,R32,3,5718,FRA,8,,81,652,,,26.792608,188,6051,ITA,,,109,543,,,25.253935,185,7-6(4) 6-7(6) 6-2,,2,1,18,14,1,1,TRUE,170483,0,144,11,7,118,76,57,19,16,9,11,5,4,109,72,48,18,16,2,6
167619,4020,276,9/01/2017,H,FALSE,R32,3,4868,FRA,,,71,705,,,29.908281,188,4676,NZL,,WC,1161,6,,,30.918549,,6-4 6-2,,2,0,12,6,0,0,TRUE,167619,0,61,1,1,46,27,21,16,9,0,0,4,2,56,31,23,11,9,3,6
169776,4071,274,21/08/2017,H,FALSE,R32,3,5902,HUN,,Q,122,458,,,25.533195,188,5303,POR,17,,50,950,,,28.39425,185,6-3 3-6 6-1,,2,1,15,10,0,0,TRUE,169776,0,91,6,3,73,40,30,20,13,4,6,1,7,72,34,23,20,12,1,5
163737,3927,13,3/08/2015,C,FALSE,R16,3,6219,AUT,1,,21,1575,,,21.913757,185,4887,AUT,,,58,810,,,28.366873,190,1-6 7-6(6) 6-4,,2,1,13,16,1,0,TRUE,163737,0,,3,2,99,57,35,25,14,6,9,11,7,99,51,43,20,15,5,7
172091,4127,290,25/06/2018,G,FALSE,R16,3,4198,ESP,,,69,834,,,35.058178,188,4894,NED,5,,44,1075,,,31.219713,190,6-2 6-7(5) 7-6(2),,2,1,18,14,1,1,TRUE,172091,0,146,9,4,109,71,55,26,16,5,5,13,4,118,72,58,18,16,7,9
175238,4206,259,5/08/2019,H,FALSE,R64,3,25608,BLR,,Q,125,438,,,25.442848,193,26754,KOR,,Q,97,571,,,21.672827,180,7-6(3) 6-4,,2,0,12,10,1,0,TRUE,175238,0,116,5,5,67,40,27,15,11,5,8,0,5,96,53,29,19,11,12,16
165484,3969,273,21/03/2016,H,FALSE,R32,3,5442,JPN,6,,6,4070,,,26.225872,178,5231,UKR,27,,29,1330,,,27.367556,180,6-2 6-2,,2,0,12,4,0,0,TRUE,165484,0,71,3,1,45,30,22,9,8,1,2,1,6,73,36,21,14,8,11,16
165925,3981,286,16/05/2016,C,FALSE,R16,3,4467,FRA,2,,18,1945,,,31.383984,183,26006,USA,,,72,744,,,18.548939,193,6-4 6-4,,2,0,12,8,0,0,TRUE,165925,0,84,2,3,67,28,19,22,10,4,6,5,4,61,33,22,11,10,2,6
167375,4012,271,17/10/2016,H,FALSE,R32,3,5125,EST,,Q,234,225,,,28.553045,190,3794,GER,,,116,525,,,35.33744,178,6-3 6-4,,2,0,12,7,0,0,TRUE,167375,0,65,11,2,50,35,31,11,10,1,1,4,1,61,45,29,7,9,3,5
171664,4117,297,30/04/2018,C,FALSE,QF,3,644,GER,1,,3,5195,,,21.026693,198,5515,GER,,,62,855,,,28.013689,193,6-3 6-2,,2,0,12,5,0,0,TRUE,171664,0,62,7,1,51,39,28,7,9,0,1,5,3,58,35,25,4,8,4,8
170344,4084,295,23/10/2017,H,TRUE,QF,3,6364,GBR,,,63,807,,,22.78987,188,5515,GER,,,51,908,,,27.496235,193,6-2 7-5,,2,0,13,7,0,0,TRUE,170344,0,74,6,1,51,29,27,11,10,0,1,5,7,62,30,25,11,10,6,10
163662,3924,23,27/07/2015,H,FALSE,QF,3,4180,LUX,7,,52,871,,,32.21629,193,4423,JPN,,,114,480,,,30.888433,178,7-5 6-1,,2,0,13,6,0,0,TRUE,163662,0,,16,2,50,27,27,14,10,1,1,3,4,55,33,23,8,9,6,9
172064,4126,290,18/06/2018,G,FALSE,R16,3,6387,AUS,,,21,1675,,,23.143053,193,6364,GBR,7,,17,1950,,,23.441479,188,7-6(3) 6-7(5) 6-3,,2,1,18,15,1,1,TRUE,172064,0,131,32,6,102,72,63,16,17,1,1,10,3,110,67,52,24,16,5,6
170332,4084,283,23/10/2017,H,TRUE,R32,3,5986,BIH,,,31,1411,,,25.42642,172,5564,LTU,,SE,126,460,,,27.340178,175,6-4 6-2,,2,0,12,6,0,0,TRUE,170332,0,67,1,2,50,30,21,10,9,2,4,6,4,65,37,19,12,9,6,11
172016,4125,273,18/06/2018,G,FALSE,R32,3,4252,GER,,WC,82,691,,,34.70226,190,4752,FRA,8,,25,1555,,,32,185,6-2 6-2,,2,0,12,4,0,0,TRUE,172016,0,62,7,0,45,21,20,14,8,1,1,2,1,56,33,20,8,8,5,9
174290,4182,272,22/04/2019,C,FALSE,R32,3,5922,SRB,,Q,105,576,,,27.14853,185,4311,ITA,,,62,865,,,35.164955,190,6-2 6-7(3) 7-5,,2,1,19,13,0,1,TRUE,174290,0,159,6,4,109,70,48,22,16,7,9,7,4,118,63,41,22,16,8,13
172939,4146,273,24/09/2018,H,FALSE,R32,3,5070,ESP,,,52,950,,,30.685831,188,4311,ITA,8,,46,1021,,,34.590008,190,6-7(5) 7-6(7) 6-3,,2,1,18,15,1,1,TRUE,172939,0,173,10,3,104,62,48,25,16,5,7,5,4,119,75,54,25,17,9,13
168912,4050,284,22/05/2017,C,FALSE,R32,3,4296,BRA,,,78,670,,,33.29774,178,5303,POR,,,57,830,,,28.145105,185,6-4 7-6(5),,2,0,12,10,1,0,TRUE,168912,0,120,7,3,95,54,32,22,11,9,12,1,1,79,54,29,13,11,4,8
162966,3911,16,17/05/2015,C,FALSE,R16,3,5303,POR,6,,50,903,,,26.132786,185,3781,AUT,,,104,505,,,33.98768,183,6-4 6-4,,2,0,12,8,0,0,TRUE,162966,0,81,1,1,58,37,24,13,10,1,3,3,2,61,34,18,14,10,4,8
165355,3968,258,7/03/2016,H,FALSE,R64,3,5630,ARG,,,53,855,,,25.420944,190,5303,POR,32,,37,1146,,,26.937714,185,7-6(6) 6-4,,2,0,12,10,1,0,TRUE,165355,0,100,3,1,66,35,27,21,11,1,2,3,2,76,45,33,15,11,5,7
174659,4190,276,10/06/2019,G,FALSE,R32,3,5718,FRA,,,45,1008,,,28.229979,188,5044,AUS,,,66,786,,,31.537304,188,6-4 7-5,,2,0,13,9,0,0,TRUE,174659,0,82,13,5,65,43,35,9,11,2,4,5,5,69,45,32,7,11,7,11
161761,3882,4,12/01/2015,H,FALSE,R32,3,5166,FRA,,,44,913,,,26.537987,183,5630,ARG,,,57,775,,,24.271048,190,6-1 6-1,,2,0,12,2,0,0,TRUE,161761,0,53,3,1,37,23,17,8,7,0,1,2,1,40,24,8,5,7,3,9
168580,4041,300,10/04/2017,C,FALSE,F,3,6418,CRO,,,79,675,,,20.402464,188,4259,GER,3,,32,1270,,,33.483913,178,5-7 7-6(3) 7-5,,2,1,18,18,1,0,TRUE,168580,0,158,10,2,118,72,47,28,18,6,9,13,2,110,68,51,21,18,5,8
172994,4147,300,1/10/2018,H,FALSE,F,3,5918,GEO,,,34,1257,,,26.603697,185,5216,ARG,1,,4,5980,,,30.020535,198,6-4 6-4,,2,0,12,8,0,0,TRUE,172994,0,99,3,5,75,45,33,17,10,7,7,11,0,65,41,31,9,10,6,8
163769,3928,18,3/08/2015,H,FALSE,R32,3,5564,LTU,,,86,586,,,25.117043,175,4654,URU,14,,30,1170,,,29.585217,180,6-3 6-3,,2,0,12,6,0,0,TRUE,163769,0,,3,0,48,31,23,14,9,0,0,4,1,53,38,26,6,9,5,8
171438,4111,281,9/04/2018,C,FALSE,R32,3,4466,ALG,,WC,617,43,,,33.295002,185,4259,GER,3,,34,1380,,,34.48049,178,2-6 6-0 7-6(3),,2,1,14,12,1,0,TRUE,171438,0,95,2,3,85,55,38,16,13,3,6,2,1,73,49,31,14,13,3,7
167589,4019,275,2/01/2017,H,FALSE,R32,3,4269,ESP,,,42,1035,,,33.13347,188,5565,CAN,,Q,133,456,,,26.529774,193,7-5 6-0,,2,0,13,5,0,0,TRUE,167589,0,75,0,1,52,36,25,11,9,0,1,5,1,55,29,19,8,9,3,8
170791,4095,11001,3/02/2018,H,FALSE,RR,3,6161,VEN,,,838,19,,,24.755648,,8725,GUA,,,860,17,,,25.062286,,7-6(4) 7-6(4),,2,0,12,12,2,0,TRUE,170791,0,129,2,1,93,50,35,20,12,7,10,5,4,72,44,30,16,12,1,4
167336,4010,289,17/10/2016,H,FALSE,R16,3,5515,GER,,,98,624,,,26.480494,193,4467,FRA,5,,25,1585,,,31.805613,183,6-4 6-4,,2,0,12,8,0,0,TRUE,167336,0,75,2,2,53,21,16,15,10,0,3,3,4,65,35,21,12,10,6,11
