match_id,tournament_event_id,match_num,date,surface,indoor,round,best_of,winner_id,winner_country_id,winner_seed,winner_entry,winner_rank,winner_rank_points,winner_elo_rating,winner_next_elo_rating,winner_age,winner_height,loser_id,loser_country_id,loser_seed,loser_entry,loser_rank,loser_rank_points,loser_elo_rating,loser_next_elo_rating,loser_age,loser_height,score,outcome,w_sets,l_sets,w_games,l_games,w_tbs,l_tbs,has_stats,match_id,set,minutes,w_ace,w_df,w_sv_pt,w_1st_in,w_1st_won,w_2nd_won,w_sv_gms,w_bp_sv,w_bp_fc,l_ace,l_df,l_sv_pt,l_1st_in,l_1st_won,l_2nd_won,l_sv_gms,l_bp_sv,l_bp_fc
171478,4112,265,43206,C,f,R64,3,4920,SRB,9,0,13,2310,0,0,30.902122,188,5571,SRB,0,Q,93,639,0,0,27.79466,180,6-0 6-1,0,2,0,12,1,0,0,t,171478,0,56,1,2,45,28,23,9,7,4,4,0,1,36,18,6,6,6,4,9
171697,4118,275,43227,C,f,R32,3,33214,CAN,0,0,43,1128,0,0,19.060917,185,5324,FRA,0,0,50,1020,0,0,28.996578,196,7-6(5) 4-6 6-4,0,2,1,16,16,1,0,t,171697,0,129,8,6,102,57,43,24,16,6,9,8,7,98,54,43,21,16,4,7
171511,4112,299,43206,C,f,SF,3,4742,ESP,1,0,1,8770,0,0,31.868584,185,5763,BUL,4,0,5,4635,0,0,26.918549,188,6-4 6-1,0,2,0,12,5,0,0,t,171511,0,92,0,1,53,35,22,13,9,1,2,2,5,52,33,20,5,8,4,8
171582,4114,296,43213,C,f,QF,3,5370,SLO,5,0,57,922,0,0,28.76386,181,32067,ITA,0,Q,159,352,0,0,22.951403,191,6-3 2-6 6-2,0,2,1,14,11,0,0,t,171582,0,142,1,0,83,49,39,16,13,8,10,2,3,100,62,43,17,12,14,17
171712,4118,290,43227,C,f,R16,3,4728,RSA,6,0,8,3345,0,0,31.969883,203,4259,GER,0,0,28,1450,0,0,34.55715,178,6-3 7-6(7),0,2,0,12,9,1,0,t,171712,0,92,10,4,64,39,30,14,11,1,3,4,1,71,47,27,14,10,2,5
171035,4104,287,43150,C,f,R16,3,4269,ESP,8,0,40,1260,0,0,34.264202,188,6030,ARG,0,0,86,660,0,0,25.511293,0,6-7(3) 6-2 6-0,0,2,1,18,8,0,1,t,171035,0,126,7,3,92,64,44,13,13,4,5,3,6,84,52,32,10,13,3,9
171406,4110,278,43199,C,f,R32,3,5978,USA,7,0,54,945,0,0,25.92197,183,44999,SRB,0,Q,187,309,0,0,18.606434,183,6-4 6-3,0,2,0,12,7,0,0,t,171406,0,76,11,1,57,36,30,12,10,0,0,3,6,60,32,23,14,9,3,5
171617,4116,275,43220,C,f,R32,3,6107,JPN,0,0,114,491,0,0,25.253935,0,26413,ITA,0,0,102,594,0,0,22.047913,196,7-5 6-3,0,2,0,13,8,0,0,t,171617,0,95,4,2,70,46,33,15,11,3,4,5,2,67,39,27,11,10,5,8
171132,4107,295,43157,C,t,QF,3,4654,URU,3,0,31,1470,0,0,32.15332,180,4914,ARG,5,0,49,999,0,0,30.787132,188,6-2 6-7(13) 7-6(5),0,2,1,18,14,1,1,t,171132,0,176,6,2,112,75,58,23,16,1,2,7,1,118,65,50,30,16,5,8
170877,4099,273,43143,C,f,R32,3,5658,POR,0,LL,114,502,0,0,27.219713,178,6134,ESP,0,SE,76,728,0,0,24.89254,183,6-2 6-4,0,2,0,12,6,0,0,t,170877,0,87,4,3,56,32,24,11,9,3,4,1,2,59,37,20,12,9,0,4
171613,4115,300,43220,C,f,F,3,5303,POR,0,0,68,805,0,0,29.084188,185,26010,USA,0,0,64,823,0,0,20.273785,188,6-4 6-4,0,2,0,12,8,0,0,t,171613,0,79,4,0,57,34,26,12,10,4,6,3,5,55,34,25,9,10,6,10
171554,4113,295,43213,C,f,QF,3,26577,GRE,0,0,63,822,0,0,19.696098,193,6219,AUT,3,0,7,3755,0,0,24.635181,185,6-3 6-2,0,2,0,12,5,0,0,t,171554,0,80,2,0,52,29,21,15,9,1,2,0,4,53,27,19,9,8,4,8
171538,4113,279,43213,C,f,R32,3,4664,ESP,0,LL,153,376,0,0,32.246407,180,6202,USA,0,Q,106,536,0,0,24.761122,0,6-4 6-3,0,2,0,12,7,0,0,t,171538,0,87,1,2,70,50,30,11,10,5,7,6,2,58,33,18,13,9,11,15
171683,4118,258,43227,C,f,R64,3,4752,FRA,0,0,29,1430,0,0,31.88501,185,4606,CZE,14,0,17,2060,0,0,32.63518,196,6-4 6-2,0,2,0,12,6,0,0,t,171683,0,76,2,1,45,24,20,16,9,0,0,2,0,58,35,19,14,9,3,6
171705,4118,283,43227,C,f,R32,3,6418,CRO,0,0,35,1296,0,0,21.475702,188,5515,GER,0,0,65,855,0,0,28.032854,193,6-0 6-2,0,2,0,12,2,0,0,t,171705,0,70,7,0,42,26,19,11,7,2,2,3,2,69,45,24,7,7,12,17
171445,4111,288,43199,C,f,R16,3,4752,FRA,4,0,38,1295,0,0,31.80835,185,4198,ESP,0,0,67,787,0,0,34.847366,188,6-2 6-4,0,2,0,12,6,0,0,t,171445,0,83,2,3,42,29,23,8,9,1,3,2,4,72,42,25,12,9,8,13
171588,4115,272,43220,C,f,R32,3,6106,ESP,0,Q,206,287,0,0,25.256674,0,6379,POR,0,WC,263,198,0,0,23.118412,0,6-4 7-5,0,2,0,13,9,0,0,t,171588,0,97,3,0,73,49,31,12,11,7,10,2,2,59,34,18,13,11,1,6
171044,4104,296,43150,C,f,QF,3,11769,CHI,0,0,94,596,0,0,22.360027,0,4654,URU,7,0,33,1380,0,0,32.134155,180,7-5 6-3,0,2,0,13,8,0,0,t,171044,0,83,4,2,72,50,35,14,11,4,4,2,3,54,36,27,10,10,2,4
171690,4118,267,43227,C,f,R64,3,3852,ESP,0,0,30,1420,0,0,36.62697,188,4664,ESP,0,WC,134,425,0,0,32.284737,180,7-6(4) 6-3,0,2,0,12,9,1,0,t,171690,0,100,12,3,75,48,38,10,11,3,5,2,1,76,55,35,8,10,3,6
171649,4117,280,43220,C,f,R32,3,4893,GER,0,WC,163,336,0,0,31.077345,188,5055,KAZ,0,0,96,634,0,0,30.343601,183,7-6(8) 3-6 6-3,0,2,1,15,15,1,0,t,171649,0,162,10,2,108,69,50,14,15,7,10,4,2,138,88,56,25,15,17,20
171727,4119,243,43234,C,f,R64,3,6051,ITA,0,WC,73,778,0,0,25.61807,185,4654,URU,0,0,71,790,0,0,32.364136,180,2-6 7-5 6-4,0,2,1,15,15,0,0,t,171727,0,126,6,4,92,73,56,4,15,2,4,5,0,95,60,41,20,15,2,4
171694,4118,272,43227,C,f,R32,3,4654,URU,0,0,47,1060,0,0,32.34497,180,5070,ESP,0,0,42,1145,0,0,30.302532,188,6-1 6-7(2) 6-2,0,2,1,18,9,0,1,t,171694,0,119,15,0,67,46,41,17,14,0,0,4,1,85,56,34,18,13,6,10
170737,4095,5602,43134,C,f,RR,3,22510,PER,0,0,482,73,0,0,22.316221,0,5149,BOL,0,0,590,50,0,0,29.66735,0,7-6(8) 6-4,0,2,0,12,10,1,0,t,170737,0,99,19,4,64,39,35,16,11,0,0,7,6,81,51,39,14,11,7,8
171578,4114,292,43213,C,f,R16,3,20265,GER,0,LL,134,415,0,0,28.4846,185,9719,GER,0,0,74,731,0,0,22.855577,0,6-1 6-3,0,2,0,12,4,0,0,t,171578,0,80,1,0,54,36,22,13,8,2,3,1,1,62,46,26,4,8,8,13
171423,4110,297,43199,C,f,QF,3,5438,USA,6,0,51,975,0,0,28.290213,188,4544,USA,1,0,9,3125,0,0,32.95277,206,7-6(4) 4-6 7-6(5),0,2,1,16,18,2,0,t,171423,0,156,7,0,108,73,58,24,17,4,5,28,4,104,69,62,18,17,2,2
171578,4114,292,43213,C,f,R16,3,20265,GER,0,LL,134,415,0,0,28.4846,185,9719,GER,0,0,74,731,0,0,22.855577,0,6-1 6-3,0,2,0,12,4,0,0,t,171578,0,80,1,0,54,36,22,13,8,2,3,1,1,62,46,26,4,8,8,13
171479,4112,266,43206,C,f,R64,3,4467,FRA,0,WC,69,780,0,0,33.30048,183,5166,FRA,16,0,26,1655,0,0,29.79603,183,6-3 4-6 6-2,0,2,1,16,11,0,0,t,171479,0,142,2,0,93,61,38,15,14,10,15,1,1,76,51,26,12,13,8,15
170880,4099,277,43143,C,f,R32,3,6029,ARG,5,0,24,1810,0,0,25.492128,170,4887,AUT,0,PR,418,91,0,0,30.896646,190,6-4 6-3,0,2,0,12,7,0,0,t,170880,0,81,3,2,59,36,23,11,9,2,4,3,3,57,34,18,10,10,2,7
170895,4099,294,43143,C,f,QF,3,5630,ARG,0,0,70,755,0,0,27.356606,190,4198,ESP,0,0,69,755,0,0,34.694046,188,6-3 7-5,0,2,0,13,8,0,0,t,170895,0,85,3,1,63,42,28,15,11,3,4,1,0,55,41,27,8,10,1,4
171559,4113,300,43213,C,f,F,3,4742,ESP,1,0,1,8770,0,0,31.887749,185,26577,GRE,0,0,63,822,0,0,19.696098,193,6-2 6-1,0,2,0,12,3,0,0,t,171559,0,78,0,3,49,35,27,6,7,3,3,3,1,41,25,15,3,8,5,10
171605,4115,292,43220,C,f,R16,3,6134,ESP,0,0,77,722,0,0,25.103354,183,11787,GBR,0,0,103,581,0,0,22.685831,188,5-7 6-2 7-6(1),0,2,1,17,15,1,0,t,171605,0,188,2,6,135,84,59,20,16,12,15,2,1,117,83,49,16,16,9,13
171553,4113,294,43213,C,f,QF,3,5793,ESP,5,0,11,2305,0,0,26.781656,188,5763,BUL,2,0,5,4950,0,0,26.937714,188,6-3 7-6(4),0,2,0,12,9,1,0,t,171553,0,97,0,0,69,46,30,14,10,3,5,2,4,64,38,27,11,11,5,9
171516,4113,244,43213,C,f,R64,3,5324,FRA,0,0,47,1020,0,0,28.958248,196,11769,CHI,0,0,64,822,0,0,22.532513,0,7-6(4) 6-7(3) 6-4,0,2,1,18,16,1,1,t,171516,0,142,10,4,114,64,46,28,17,2,4,2,4,116,75,49,24,17,2,5
171584,4114,298,43213,C,f,SF,3,6051,ITA,0,LL,92,664,0,0,25.560575,185,4311,ITA,8,0,55,951,0,0,34.168377,190,5-7 7-6(4) 6-3,0,2,1,17,16,1,0,t,171584,0,137,8,1,107,80,57,15,17,6,9,4,3,97,59,45,18,16,4,7
171626,4116,286,43220,C,f,R16,3,5333,ITA,0,0,100,601,0,0,28.928131,0,5986,BIH,2,0,32,1415,0,0,25.943874,172,6-2 0-6 6-2,0,2,1,12,10,0,0,t,171626,0,100,2,2,70,42,28,16,11,4,7,1,1,79,61,34,9,11,5,9
171401,4110,272,43199,C,f,R32,3,6030,ARG,0,0,87,650,0,0,25.645449,0,5375,USA,0,0,130,426,0,0,28.711842,183,6-3 6-2,0,2,0,12,5,0,0,t,171401,0,74,0,0,38,34,19,3,8,1,4,1,2,46,37,10,4,9,3,10
171037,4104,289,43150,C,f,R16,3,4921,ITA,5,0,21,1850,0,0,30.743326,178,5801,USA,0,0,60,860,0,0,26.581793,188,4-6 6-4 7-6(6),0,2,1,16,16,1,0,t,171037,0,137,1,5,93,55,38,26,16,2,4,9,0,92,59,42,20,16,2,4
171633,4116,293,43220,C,f,R16,3,4291,TUN,0,0,78,718,0,0,34.275154,185,5220,CRO,1,0,4,4985,0,0,29.585217,198,6-4 6-2,0,2,0,12,6,0,0,t,171633,0,79,4,4,54,23,19,15,9,3,5,2,5,53,28,18,8,9,6,11
171456,4111,299,43199,C,f,SF,3,4664,ESP,0,PR,355,126,0,0,32.208076,180,5303,POR,0,0,70,760,0,0,29.026693,185,6-4 6-4,0,2,0,12,8,0,0,t,171456,0,84,1,1,54,29,21,17,10,2,4,2,3,64,36,25,9,10,4,8
171528,4113,268,43213,C,f,R64,3,6134,ESP,0,0,77,710,0,0,25.084188,183,4887,AUT,0,PR,420,91,0,0,31.088295,190,6-2 6-4,0,2,0,12,6,0,0,t,171528,0,95,0,3,59,42,30,9,9,5,7,2,1,63,37,20,11,9,4,9
171466,4112,249,43206,C,f,R64,3,4921,ITA,13,0,20,1840,0,0,30.896646,178,25608,BLR,0,Q,122,458,0,0,24.139631,193,6-4 7-5,0,2,0,13,9,0,0,t,171466,0,86,1,2,61,40,24,13,11,1,4,5,2,56,32,18,10,11,1,6
171490,4112,278,43206,C,f,R32,3,5663,BEL,6,0,10,3110,0,0,27.356606,163,26577,GRE,0,Q,71,767,0,0,19.676933,193,7-6(4) 7-5,0,2,0,13,11,1,0,t,171490,0,122,6,0,72,49,35,13,12,1,4,7,2,107,60,34,26,12,11,15
170890,4099,289,43143,C,f,R16,3,6029,ARG,5,0,24,1810,0,0,25.492128,170,5057,BRA,0,Q,137,431,0,0,30.121834,188,3-6 6-3 6-2,0,2,1,15,11,0,0,t,170890,0,109,3,3,75,51,37,10,13,3,6,4,4,83,47,30,17,13,8,13
171136,4107,299,43157,C,t,SF,3,11769,CHI,0,0,73,728,0,0,22.379192,0,4546,ARG,0,0,69,743,0,0,32.835045,188,6-7(5) 6-4 6-4,0,2,1,18,14,0,1,t,171136,0,126,20,2,86,58,50,18,16,0,0,9,0,97,67,52,15,16,6,8
171695,4118,273,43227,C,f,R32,3,4544,USA,7,0,9,3125,0,0,33.02943,206,5978,USA,0,0,59,920,0,0,25.99863,183,7-6(1) 7-6(7),0,2,0,12,12,2,0,t,171695,0,91,22,2,77,51,45,15,12,0,0,9,3,74,50,40,15,12,0,0
171636,4116,296,43220,C,f,QF,3,11485,SRB,0,0,110,500,0,0,22.910336,188,3893,ITA,5,0,76,725,0,0,36.37235,183,6-7(5) 7-5 7-6(3),0,2,1,19,17,1,1,t,171636,0,192,6,3,110,66,54,24,18,7,10,2,2,126,68,43,30,18,7,11
171589,4115,273,43220,C,f,R32,3,11769,CHI,0,0,65,822,0,0,22.551678,0,4914,ARG,7,0,45,1086,0,0,30.959618,188,3-6 7-6(7) 6-4,0,2,1,15,16,1,0,t,171589,0,136,3,0,95,71,53,14,15,4,6,8,4,104,67,50,19,16,4,6
171694,4118,272,43227,C,f,R32,3,4654,URU,0,0,47,1060,0,0,32.34497,180,5070,ESP,0,0,42,1145,0,0,30.302532,188,6-1 6-7(2) 6-2,0,2,1,18,9,0,1,t,171694,0,119,15,0,67,46,41,17,14,0,0,4,1,85,56,34,18,13,6,10
170824,4097,275,43136,C,f,R32,3,34553,NOR,0,0,122,476,0,0,19.123888,183,4122,ARG,0,0,119,494,0,0,35.00616,183,7-5 6-0,0,2,0,13,5,0,0,t,170824,0,92,4,4,56,37,30,9,9,0,0,3,5,59,32,19,12,9,5,9
171462,4112,243,43206,C,f,R64,3,6407,RUS,0,0,49,984,0,0,22.176592,198,5902,HUN,0,0,59,864,0,0,26.184805,188,6-7(4) 6-2 7-5,0,2,1,19,13,0,1,t,171462,0,165,2,2,117,65,47,30,16,7,8,1,6,115,55,39,31,16,10,14
171431,4111,274,43199,C,f,R32,3,4752,FRA,4,0,38,1295,0,0,31.80835,185,5333,ITA,0,0,102,586,0,0,28.870636,0,6-1 7-6(2),0,2,0,12,7,1,0,t,171431,0,87,6,1,53,28,18,17,9,3,5,0,2,75,46,24,13,10,6,11
171634,4116,294,43220,C,f,QF,3,4868,FRA,0,0,87,675,0,0,31.211498,188,5333,ITA,0,0,100,601,0,0,28.928131,0,6-2 6-2,0,2,0,12,4,0,0,t,171634,0,77,4,2,47,35,28,6,8,1,1,1,0,57,41,20,10,8,5,9
171472,4112,257,43206,C,f,R64,3,5131,ESP,11,0,16,2175,0,0,30.004107,183,5367,GER,0,0,50,979,0,0,28.752909,185,6-4 6-3,0,2,0,12,7,0,0,t,171472,0,79,1,1,61,40,28,13,10,3,4,3,0,54,31,19,13,9,4,7
171712,4118,290,43227,C,f,R16,3,4728,RSA,6,0,8,3345,0,0,31.969883,203,4259,GER,0,0,28,1450,0,0,34.55715,178,6-3 7-6(7),0,2,0,12,9,1,0,t,171712,0,92,10,4,64,39,30,14,11,1,3,4,1,71,47,27,14,10,2,5
171510,4112,298,43206,C,f,SF,3,5442,JPN,0,0,36,1280,0,0,28.295689,178,644,GER,3,0,4,4925,0,0,20.988363,198,3-6 6-3 6-4,0,2,1,15,13,0,0,t,171510,0,133,1,4,89,53,32,24,14,3,6,6,7,87,43,34,16,14,3,7
170750,4095,6901,43134,C,f,RR,3,4466,ALG,0,0,591,49,0,0,33.103355,185,6092,GEO,0,0,1082,8,0,0,25.073238,0,6-3 6-3,0,2,0,12,6,0,0,t,170750,0,74,2,4,64,36,26,12,9,7,9,3,5,81,50,28,12,9,13,18
171440,4111,283,43199,C,f,R32,3,4664,ESP,0,PR,355,126,0,0,32.208076,180,25608,BLR,0,LL,123,452,0,0,24.120466,193,6-3 7-5,0,2,0,13,8,0,0,t,171440,0,106,1,4,62,39,25,11,10,0,3,5,4,71,41,23,12,11,11,17
170688,4093,704,43133,C,f,RR,3,11769,CHI,0,0,95,557,0,0,22.302532,0,5919,ECU,0,0,281,176,0,0,25.932922,0,6-4 7-6(6),0,2,0,12,10,1,0,t,170688,0,83,7,2,62,33,28,22,11,0,0,2,2,63,37,31,14,11,0,1
171118,4107,279,43157,C,t,R32,3,6030,ARG,0,0,96,595,0,0,25.530458,0,3607,DOM,0,0,149,357,0,0,37.568787,173,7-6(5) 6-3,0,2,0,12,9,1,0,t,171118,0,111,2,4,85,41,30,22,11,4,6,2,2,71,44,30,11,10,4,7
171545,4113,286,43213,C,f,R16,3,5763,BUL,2,0,5,4950,0,0,26.937714,188,4291,TUN,0,0,88,673,0,0,34.25599,185,7-5 3-6 7-6(8),0,2,1,16,17,1,0,t,171545,0,169,7,7,102,65,46,20,17,3,7,2,0,115,65,45,27,16,10,13
171412,4110,286,43199,C,f,R16,3,5539,ARG,0,0,63,830,0,0,27.895962,185,5016,USA,2,0,14,2265,0,0,30.505133,198,2-6 7-6(4) 7-6(3),0,2,1,14,18,2,0,t,171412,0,156,7,7,115,57,46,28,16,4,7,11,9,119,57,45,32,16,7,8
171624,4116,283,43220,C,f,R32,3,6315,BRA,0,Q,131,434,0,0,23.915127,183,5577,AUT,0,0,115,490,0,0,27.7974,0,6-2 3-6 6-1,0,2,1,15,9,0,0,t,171624,0,102,3,1,74,47,33,10,12,1,4,2,5,67,42,27,8,12,4,10
171604,4115,291,43220,C,f,R16,3,6364,GBR,3,0,23,1732,0,0,23.307323,188,45105,AUS,0,WC,111,497,0,0,19.19781,183,6-2 7-5,0,2,0,13,7,0,0,t,171604,0,97,4,0,67,39,27,15,10,7,9,4,1,60,36,22,9,10,3,8
171628,4116,288,43220,C,f,R16,3,6107,JPN,0,0,114,491,0,0,25.253935,0,5370,SLO,4,0,63,850,0,0,28.783026,181,6-2 6-2,0,2,0,12,4,0,0,t,171628,0,80,0,1,46,31,25,9,8,2,2,1,1,56,34,21,7,8,4,8
171131,4107,294,43157,C,t,QF,3,4921,ITA,2,0,20,1985,0,0,30.762491,178,4198,ESP,0,0,67,780,0,0,34.732376,188,6-4 6-2,0,2,0,12,6,0,0,t,171131,0,69,3,2,55,32,25,13,9,2,2,4,6,52,31,23,7,9,1,4
171471,4112,256,43206,C,f,R64,3,3852,ESP,0,0,30,1420,0,0,36.569473,188,5324,FRA,0,0,48,1020,0,0,28.939083,196,5-7 7-6(5) 6-4,0,2,1,17,17,1,0,t,171471,0,139,6,5,120,67,50,23,17,7,11,11,5,102,57,42,25,17,3,7
171123,4107,286,43157,C,t,R16,3,4921,ITA,2,0,20,1985,0,0,30.762491,178,6235,POR,0,Q,194,279,0,0,24.39425,0,7-5 6-1,0,2,0,13,6,0,0,t,171123,0,68,0,2,49,33,26,9,9,1,2,1,1,61,44,25,6,10,8,13
171336,4093,12102,43196,C,f,RR,3,5364,SVK,0,0,130,425,0,0,28.72553,190,5792,BIH,0,0,95,623,0,0,26.724161,0,7-6(5) 6-1,0,2,0,12,7,1,0,t,171336,0,83,8,4,64,44,36,12,10,3,3,7,1,65,48,33,9,9,11,13
170826,4097,277,43136,C,f,R32,3,6315,BRA,0,0,118,495,0,0,23.685146,183,4546,ARG,5,0,66,768,0,0,32.77755,188,6-4 7-6(8),0,2,0,12,10,1,0,t,170826,0,99,4,4,71,47,38,15,11,1,1,4,1,67,40,32,18,11,1,2
170827,4097,278,43136,C,f,R32,3,11769,CHI,8,0,95,557,0,0,22.321697,0,5476,ARG,0,Q,195,275,0,0,27.939768,183,6-7(4) 6-2 7-6(5),0,2,1,18,14,1,1,t,170827,0,130,10,11,115,71,57,23,16,5,5,3,4,96,65,47,21,16,4,6
171642,4117,272,43220,C,f,R32,3,4994,GER,0,0,54,977,0,0,30.68857,190,4887,AUT,0,PR,422,91,0,0,31.10746,190,6-4 6-3,0,2,0,12,7,0,0,t,171642,0,72,3,1,53,32,22,12,9,2,4,1,4,55,31,18,11,10,3,8
171583,4114,297,43213,C,f,QF,3,5349,AUS,0,0,94,645,0,0,28.856947,183,20265,GER,0,LL,134,415,0,0,28.4846,185,2-6 6-1 6-4,0,2,1,14,11,0,0,t,171583,0,108,3,2,68,47,31,9,13,6,11,1,1,80,62,32,8,12,3,9
170687,4093,602,43133,C,f,RR,3,5919,ECU,0,0,281,176,0,0,25.932922,0,6160,CHI,0,0,405,96,0,0,24.758385,0,6-3 6-7(11) 6-3,0,2,1,18,12,0,1,t,170687,0,156,0,1,111,76,56,21,15,4,5,3,6,101,58,44,23,15,6,9
171615,4116,272,43220,C,f,R32,3,5571,SRB,0,0,92,664,0,0,27.83299,180,5349,AUS,0,0,69,786,0,0,28.876112,183,6-4 6-0,0,2,0,12,4,0,0,t,171615,0,76,1,0,43,25,22,9,8,2,3,1,2,69,37,20,13,8,11,16
171638,4116,298,43220,C,f,SF,3,6107,JPN,0,0,114,491,0,0,25.253935,0,4868,FRA,0,0,87,675,0,0,31.211498,188,6-3 4-6 6-4,0,2,1,16,13,0,0,t,171638,0,153,2,7,100,56,35,22,14,7,11,1,0,98,63,33,21,15,9,15
171045,4104,297,43150,C,f,QF,3,6029,ARG,6,0,23,1810,0,0,25.511293,170,4789,FRA,0,0,39,1265,0,0,31.468857,193,6-3 6-4,0,2,0,12,7,0,0,t,171045,0,83,3,1,65,36,26,12,10,0,2,5,7,58,33,22,9,9,3,7
171345,4093,13004,43196,C,f,RR,3,44899,ISR,0,0,570,53,0,0,18.239561,0,6310,CZE,0,0,233,227,0,0,23.868584,0,7-5 6-3,0,2,0,13,8,0,0,t,171345,0,79,7,1,68,46,35,14,11,3,3,1,2,64,43,28,12,10,5,7
170839,4097,292,43136,C,f,R16,3,44668,FRA,0,WC,152,361,0,0,18.800821,178,3333,CRO,7,0,90,615,0,0,38.937714,208,7-5 6-7(3) 7-6(6),0,2,1,19,17,1,1,t,170839,0,150,9,9,114,77,64,22,18,4,4,27,7,102,63,56,26,18,0,1
171617,4116,275,43220,C,f,R32,3,6107,JPN,0,0,114,491,0,0,25.253935,0,26413,ITA,0,0,102,594,0,0,22.047913,196,7-5 6-3,0,2,0,13,8,0,0,t,171617,0,95,4,2,70,46,33,15,11,3,4,5,2,67,39,27,11,10,5,8
171539,4113,280,43213,C,f,R32,3,11547,RUS,16,0,37,1300,0,0,21.92197,198,4914,ARG,0,0,45,1073,0,0,30.940453,188,6-4 6-3,0,2,0,12,7,0,0,t,171539,0,93,2,1,62,43,34,10,9,4,4,3,2,72,46,27,14,10,11,14
171533,4113,274,43213,C,f,R32,3,6219,AUT,3,0,7,3755,0,0,24.635181,185,44493,ESP,0,WC,174,322,0,0,20.966461,183,7-6(8) 6-1,0,2,0,12,7,1,0,t,171533,0,89,9,4,61,42,37,10,10,0,1,0,2,73,55,35,7,9,2,5
171519,4113,251,43213,C,f,R64,3,4296,BRA,0,Q,125,442,0,0,34.21766,178,11549,USA,0,0,51,977,0,0,21.535934,0,6-3 6-1,0,2,0,12,4,0,0,t,171519,0,86,2,2,55,38,30,8,8,4,4,1,4,71,42,22,13,8,5,9
171615,4116,272,43220,C,f,R32,3,5571,SRB,0,0,92,664,0,0,27.83299,180,5349,AUS,0,0,69,786,0,0,28.876112,183,6-4 6-0,0,2,0,12,4,0,0,t,171615,0,76,1,0,43,25,22,9,8,2,3,1,2,69,37,20,13,8,11,16
171578,4114,292,43213,C,f,R16,3,20265,GER,0,LL,134,415,0,0,28.4846,185,9719,GER,0,0,74,731,0,0,22.855577,0,6-1 6-3,0,2,0,12,4,0,0,t,171578,0,80,1,0,54,36,22,13,8,2,3,1,1,62,46,26,4,8,8,13
171636,4116,296,43220,C,f,QF,3,11485,SRB,0,0,110,500,0,0,22.910336,188,3893,ITA,5,0,76,725,0,0,36.37235,183,6-7(5) 7-5 7-6(3),0,2,1,19,17,1,1,t,171636,0,192,6,3,110,66,54,24,18,7,10,2,2,126,68,43,30,18,7,11
171657,4117,290,43220,C,f,R16,3,5364,SVK,0,Q,122,451,0,0,28.80219,190,5792,BIH,0,0,90,669,0,0,26.800821,0,4-6 6-3 7-5,0,2,1,17,14,0,0,t,171657,0,122,7,5,87,51,38,18,16,5,9,5,1,84,57,36,13,15,6,11
171445,4111,288,43199,C,f,R16,3,4752,FRA,4,0,38,1295,0,0,31.80835,185,4198,ESP,0,0,67,787,0,0,34.847366,188,6-2 6-4,0,2,0,12,6,0,0,t,171445,0,83,2,3,42,29,23,8,9,1,3,2,4,72,42,25,12,9,8,13
171648,4117,279,43220,C,f,R32,3,5364,SVK,0,Q,122,451,0,0,28.80219,190,4252,GER,0,0,72,745,0,0,34.568104,190,3-6 6-4 6-3,0,2,1,15,13,0,0,t,171648,0,121,1,3,82,51,32,17,14,5,10,5,3,95,46,29,22,14,9,15
171476,4112,263,43206,C,f,R64,3,25897,RUS,0,0,33,1378,0,0,20.487337,188,4894,NED,0,0,44,1120,0,0,31.028063,190,7-6(7) 2-6 7-5,0,2,1,15,17,1,0,t,171476,0,150,2,3,110,83,58,12,16,7,10,9,3,123,68,52,27,16,8,10
171466,4112,249,43206,C,f,R64,3,4921,ITA,13,0,20,1840,0,0,30.896646,178,25608,BLR,0,Q,122,458,0,0,24.139631,193,6-4 7-5,0,2,0,13,9,0,0,t,171466,0,86,1,2,61,40,24,13,11,1,4,5,2,56,32,18,10,11,1,6
171397,4095,18202,43197,C,f,RR,3,6161,VEN,0,0,834,19,0,0,24.928131,0,5885,URU,0,0,284,173,0,0,26.214922,0,4-6 6-4 6-1,0,2,1,16,11,0,0,t,171397,0,110,1,0,76,53,37,14,14,4,6,6,3,78,42,29,17,13,7,11
171441,4111,284,43199,C,f,R32,3,6058,RUS,0,Q,160,349,0,0,25.448322,0,5515,GER,0,0,60,880,0,0,27.956194,193,3-6 6-3 6-2,0,2,1,15,11,0,0,t,171441,0,95,1,0,85,52,38,16,13,2,5,11,5,73,42,27,13,13,3,8
171716,4118,294,43227,C,f,QF,3,644,GER,2,0,3,5195,0,0,21.045858,198,4544,USA,7,0,9,3125,0,0,33.02943,206,6-4 7-5,0,2,0,13,9,0,0,t,171716,0,78,5,0,51,35,29,16,11,0,0,9,0,77,66,43,4,11,5,7
171431,4111,274,43199,C,f,R32,3,4752,FRA,4,0,38,1295,0,0,31.80835,185,5333,ITA,0,0,102,586,0,0,28.870636,0,6-1 7-6(2),0,2,0,12,7,1,0,t,171431,0,87,6,1,53,28,18,17,9,3,5,0,2,75,46,24,13,10,6,11
170782,4095,10104,43134,C,f,RR,3,6383,THA,0,0,458,78,0,0,22.811773,0,52035,SRI,0,0,0,0,0,0,21.96304,0,7-5 6-0,0,2,0,13,5,0,0,t,170782,0,68,7,7,55,37,30,6,9,3,4,2,7,49,24,16,8,9,1,6
171619,4116,277,43220,C,f,R32,3,4677,SRB,6,0,71,755,0,0,32.21629,193,6057,AUS,0,WC,210,281,0,0,25.522245,193,3-6 6-0 7-5,0,2,1,16,11,0,0,t,171619,0,109,13,3,69,46,34,13,13,0,2,9,2,106,68,37,20,14,10,15
171666,4117,299,43220,C,f,SF,3,644,GER,1,0,3,5195,0,0,21.026693,198,11176,KOR,4,0,22,1817,0,0,21.946611,0,7-5 6-2,0,2,0,13,7,0,0,t,171666,0,91,8,4,67,42,27,14,10,3,5,0,4,65,39,20,12,10,6,11
171418,4110,292,43199,C,f,R16,3,5438,USA,6,0,51,975,0,0,28.290213,188,26010,USA,0,0,58,893,0,0,20.21629,188,6-3 6-4,0,2,0,12,7,0,0,t,171418,0,77,12,4,67,35,25,19,10,6,7,4,1,52,31,21,10,9,2,5
170843,4097,296,43136,C,f,QF,3,6134,ESP,0,Q,107,523,0,0,24.873375,183,11769,CHI,8,0,95,557,0,0,22.321697,0,3-6 6-2 7-6(5),0,2,1,15,14,1,0,t,170843,0,114,4,9,81,52,43,16,14,1,2,14,6,105,69,52,16,15,4,6
171580,4114,294,43213,C,f,QF,3,6051,ITA,0,LL,92,664,0,0,25.560575,185,5515,GER,7,0,61,830,0,0,27.994524,193,5-7 6-4 6-2,0,2,1,17,13,0,0,t,171580,0,95,12,2,82,61,46,13,15,1,2,14,3,87,51,38,18,15,5,8
171530,4113,271,43213,C,f,R32,3,4291,TUN,0,0,88,673,0,0,34.25599,185,23847,USA,0,LL,149,381,0,0,21.801506,0,6-4 6-3,0,2,0,12,7,0,0,t,171530,0,89,4,3,66,26,23,21,9,4,4,3,3,63,36,22,16,10,6,9
170888,4099,287,43143,C,f,R16,3,5630,ARG,0,0,70,755,0,0,27.356606,190,5658,POR,0,LL,114,502,0,0,27.219713,178,7-6(5) 7-6(6),0,2,0,12,12,2,0,t,170888,0,139,1,4,81,51,41,15,12,4,5,1,2,101,61,43,21,12,3,4
171580,4114,294,43213,C,f,QF,3,6051,ITA,0,LL,92,664,0,0,25.560575,185,5515,GER,7,0,61,830,0,0,27.994524,193,5-7 6-4 6-2,0,2,1,17,13,0,0,t,171580,0,95,12,2,82,61,46,13,15,1,2,14,3,87,51,38,18,15,5,8
171473,4112,258,43206,C,f,R64,3,5070,ESP,15,0,24,1745,0,0,30.245037,188,11549,USA,0,0,51,977,0,0,21.51677,0,6-3 6-3,0,2,0,12,6,0,0,t,171473,0,97,5,2,67,42,29,12,9,9,11,4,6,66,33,18,13,9,7,12
170823,4097,273,43136,C,f,R32,3,3607,DOM,6,0,86,642,0,0,37.511295,173,5057,BRA,0,0,108,521,0,0,30.102669,188,4-6 6-4 6-2,0,2,1,16,12,0,0,t,170823,0,115,5,7,84,56,39,13,14,5,8,8,6,86,53,39,13,14,7,12
171619,4116,277,43220,C,f,R32,3,4677,SRB,6,0,71,755,0,0,32.21629,193,6057,AUS,0,WC,210,281,0,0,25.522245,193,3-6 6-0 7-5,0,2,1,16,11,0,0,t,171619,0,109,13,3,69,46,34,13,13,0,2,9,2,106,68,37,20,14,10,15
170824,4097,275,43136,C,f,R32,3,34553,NOR,0,0,122,476,0,0,19.123888,183,4122,ARG,0,0,119,494,0,0,35.00616,183,7-5 6-0,0,2,0,13,5,0,0,t,170824,0,92,4,4,56,37,30,9,9,0,0,3,5,59,32,19,12,9,5,9
171654,4117,287,43220,C,f,R16,3,4259,GER,6,0,34,1320,0,0,34.537987,178,4994,GER,0,0,54,977,0,0,30.68857,190,6-2 6-2,0,2,0,12,4,0,0,t,171654,0,68,5,0,45,21,17,16,8,2,2,2,2,64,39,22,9,8,5,9
171046,4104,298,43150,C,f,SF,3,4269,ESP,8,0,40,1260,0,0,34.264202,188,4921,ITA,5,0,21,1850,0,0,30.743326,178,6-1 7-5,0,2,0,13,6,0,0,t,171046,0,75,1,4,52,29,22,12,9,3,4,0,2,59,41,22,7,10,1,6
171447,4111,290,43199,C,f,R16,3,5303,POR,0,0,70,760,0,0,29.026693,185,5792,BIH,0,0,94,623,0,0,26.743326,0,6-3 3-6 6-4,0,2,1,15,13,0,0,t,171447,0,125,3,3,82,50,39,17,14,4,6,6,3,99,51,39,21,14,7,10
171127,4107,290,43157,C,t,R16,3,4296,BRA,0,0,106,531,0,0,34.06434,178,6030,ARG,0,0,96,595,0,0,25.530458,0,6-4 6-2,0,2,0,12,6,0,0,t,171127,0,88,1,0,56,42,29,10,9,1,1,2,0,57,34,22,12,9,3,6
171597,4115,283,43220,C,f,R32,3,6134,ESP,0,0,77,722,0,0,25.103354,183,6202,USA,0,0,105,534,0,0,24.780287,0,7-6(1) 6-3,0,2,0,12,9,1,0,t,171597,0,97,1,2,67,45,32,11,11,5,8,3,0,68,35,23,13,10,5,9
171647,4117,278,43220,C,f,R32,3,5792,BIH,0,0,90,669,0,0,26.800821,0,4789,FRA,7,0,40,1175,0,0,31.660507,193,6-2 3-6 6-3,0,2,1,15,11,0,0,t,171647,0,96,6,1,72,41,33,17,13,2,4,4,7,85,54,39,10,13,6,10
171403,4110,275,43199,C,f,R32,3,6202,USA,0,0,108,531,0,0,24.722792,0,11415,AUS,0,0,99,611,0,0,23.969883,183,6-1 6-1,0,2,0,12,2,0,0,t,171403,0,62,5,0,33,20,18,10,7,0,0,5,2,62,39,23,5,7,6,11
171032,4104,284,43150,C,f,R32,3,4789,FRA,0,0,39,1265,0,0,31.468857,193,4546,ARG,0,0,68,768,0,0,32.81588,188,7-5 3-6 7-5,0,2,1,17,16,0,0,t,171032,0,139,10,3,95,62,46,19,17,1,4,5,2,97,58,41,22,16,4,7
171532,4113,273,43213,C,f,R32,3,5793,ESP,5,0,11,2305,0,0,26.781656,188,5324,FRA,0,0,47,1020,0,0,28.958248,196,6-3 6-3,0,2,0,12,6,0,0,t,171532,0,63,2,2,58,39,30,10,9,1,1,6,6,51,25,20,9,9,2,5
171406,4110,278,43199,C,f,R32,3,5978,USA,7,0,54,945,0,0,25.92197,183,44999,SRB,0,Q,187,309,0,0,18.606434,183,6-4 6-3,0,2,0,12,7,0,0,t,171406,0,76,11,1,57,36,30,12,10,0,0,3,6,60,32,23,14,9,3,5
171448,4111,291,43199,C,f,R16,3,5918,GEO,0,0,86,655,0,0,26.124573,185,4466,ALG,0,WC,617,43,0,0,33.295002,185,7-6(5) 5-7 6-3,0,2,1,17,16,1,0,t,171448,0,151,3,10,118,73,49,19,17,5,9,3,9,117,52,38,29,16,14,18
171113,4107,273,43157,C,t,R32,3,5630,ARG,8,0,65,825,0,0,27.394936,190,6134,ESP,0,0,79,683,0,0,24.93087,183,6-4 6-4,0,2,0,12,8,0,0,t,171113,0,98,3,1,66,42,33,13,10,3,3,3,2,66,46,32,8,10,6,8
171115,4107,276,43157,C,t,R32,3,4122,ARG,0,0,131,424,0,0,35.063656,183,50371,BRA,0,WC,620,44,0,0,17.965776,0,3-6 6-3 6-2,0,2,1,15,11,0,0,t,171115,0,135,2,1,96,62,42,19,13,4,5,3,2,68,40,29,17,13,1,4
171131,4107,294,43157,C,t,QF,3,4921,ITA,2,0,20,1985,0,0,30.762491,178,4198,ESP,0,0,67,780,0,0,34.732376,188,6-4 6-2,0,2,0,12,6,0,0,t,171131,0,69,3,2,55,32,25,13,9,2,2,4,6,52,31,23,7,9,1,4
170830,4097,282,43136,C,f,R32,3,3333,CRO,7,0,90,615,0,0,38.937714,208,23847,USA,0,0,133,444,0,0,21.59069,0,6-4 6-7(6) 7-6(4),0,2,1,18,16,1,1,t,170830,0,129,24,10,98,56,53,26,17,0,0,16,5,97,56,49,26,17,1,2
171127,4107,290,43157,C,t,R16,3,4296,BRA,0,0,106,531,0,0,34.06434,178,6030,ARG,0,0,96,595,0,0,25.530458,0,6-4 6-2,0,2,0,12,6,0,0,t,171127,0,88,1,0,56,42,29,10,9,1,1,2,0,57,34,22,12,9,3,6
171522,4113,256,43213,C,f,R64,3,6202,USA,0,Q,106,536,0,0,24.761122,0,6058,RUS,0,LL,138,400,0,0,25.486652,0,7-5 5-7 6-3,0,2,1,18,15,0,0,t,171522,0,133,11,7,99,57,45,18,17,4,8,1,8,106,70,43,18,16,5,10
171649,4117,280,43220,C,f,R32,3,4893,GER,0,WC,163,336,0,0,31.077345,188,5055,KAZ,0,0,96,634,0,0,30.343601,183,7-6(8) 3-6 6-3,0,2,1,15,15,1,0,t,171649,0,162,10,2,108,69,50,14,15,7,10,4,2,138,88,56,25,15,17,20
171413,4110,287,43199,C,f,R16,3,5801,USA,8,0,56,898,0,0,26.715948,188,6030,ARG,0,0,87,650,0,0,25.645449,0,6-2 7-6(3),0,2,0,12,8,1,0,t,171413,0,86,13,2,67,36,28,18,10,5,7,2,0,57,35,23,10,10,3,7
171045,4104,297,43150,C,f,QF,3,6029,ARG,6,0,23,1810,0,0,25.511293,170,4789,FRA,0,0,39,1265,0,0,31.468857,193,6-3 6-4,0,2,0,12,7,0,0,t,171045,0,83,3,1,65,36,26,12,10,0,2,5,7,58,33,22,9,9,3,7
171511,4112,299,43206,C,f,SF,3,4742,ESP,1,0,1,8770,0,0,31.868584,185,5763,BUL,4,0,5,4635,0,0,26.918549,188,6-4 6-1,0,2,0,12,5,0,0,t,171511,0,92,0,1,53,35,22,13,9,1,2,2,5,52,33,20,5,8,4,8
171456,4111,299,43199,C,f,SF,3,4664,ESP,0,PR,355,126,0,0,32.208076,180,5303,POR,0,0,70,760,0,0,29.026693,185,6-4 6-4,0,2,0,12,8,0,0,t,171456,0,84,1,1,54,29,21,17,10,2,4,2,3,64,36,25,9,10,4,8
171407,4110,279,43199,C,f,R32,3,26006,USA,0,0,72,744,0,0,20.44627,193,5058,USA,0,0,124,450,0,0,30.275154,175,6-7(3) 6-2 7-6(6),0,2,1,18,14,1,1,t,171407,0,159,5,1,113,64,41,24,16,6,10,4,3,112,63,37,27,16,8,14
171640,4116,300,43220,C,f,F,3,6107,JPN,0,0,114,491,0,0,25.253935,0,4291,TUN,0,0,78,718,0,0,34.275154,185,7-6(4) 6-4,0,2,0,12,10,1,0,t,171640,0,142,2,3,80,49,32,17,11,3,5,3,3,90,51,32,17,11,6,9
171517,4113,247,43213,C,f,R64,3,44493,ESP,0,WC,174,322,0,0,20.966461,183,5303,POR,0,0,67,805,0,0,29.065023,185,6-4 3-6 7-5,0,2,1,16,15,0,0,t,171517,0,155,2,2,103,68,42,17,15,9,13,4,1,116,75,52,13,16,8,13
171037,4104,289,43150,C,f,R16,3,4921,ITA,5,0,21,1850,0,0,30.743326,178,5801,USA,0,0,60,860,0,0,26.581793,188,4-6 6-4 7-6(6),0,2,1,16,16,1,0,t,171037,0,137,1,5,93,55,38,26,16,2,4,9,0,92,59,42,20,16,2,4
171496,4112,284,43206,C,f,R32,3,11547,RUS,0,0,38,1255,0,0,21.902807,198,4467,FRA,0,WC,69,780,0,0,33.30048,183,6-2 6-2,0,2,0,12,4,0,0,t,171496,0,83,4,1,53,31,24,14,8,7,7,1,1,52,35,20,6,8,5,9
171495,4112,283,43206,C,f,R32,3,4920,SRB,9,0,13,2310,0,0,30.902122,188,6418,CRO,0,0,39,1251,0,0,21.418207,188,7-6(2) 7-5,0,2,0,13,11,1,0,t,171495,0,135,5,1,92,60,40,18,12,6,9,1,3,80,48,31,14,12,4,8
170826,4097,277,43136,C,f,R32,3,6315,BRA,0,0,118,495,0,0,23.685146,183,4546,ARG,5,0,66,768,0,0,32.77755,188,6-4 7-6(8),0,2,0,12,10,1,0,t,170826,0,99,4,4,71,47,38,15,11,1,1,4,1,67,40,32,18,11,1,2
171566,4114,278,43213,C,f,R32,3,5370,SLO,5,0,57,922,0,0,28.76386,181,5644,ROU,0,0,84,680,0,0,27.5154,193,6-7(3) 7-5 6-3,0,2,1,19,14,0,1,t,171566,0,145,3,0,107,67,52,24,17,3,3,10,4,95,55,45,21,16,2,4
171129,4107,292,43157,C,t,R16,3,11769,CHI,0,0,73,728,0,0,22.379192,0,5539,ARG,6,0,57,905,0,0,27.780972,185,6-7(2) 6-4 7-6(2),0,2,1,18,16,1,1,t,171129,0,139,10,1,107,74,55,18,17,1,3,14,3,105,63,52,20,17,2,5
171456,4111,299,43199,C,f,SF,3,4664,ESP,0,PR,355,126,0,0,32.208076,180,5303,POR,0,0,70,760,0,0,29.026693,185,6-4 6-4,0,2,0,12,8,0,0,t,171456,0,84,1,1,54,29,21,17,10,2,4,2,3,64,36,25,9,10,4,8
171456,4111,299,43199,C,f,SF,3,4664,ESP,0,PR,355,126,0,0,32.208076,180,5303,POR,0,0,70,760,0,0,29.026693,185,6-4 6-4,0,2,0,12,8,0,0,t,171456,0,84,1,1,54,29,21,17,10,2,4,2,3,64,36,25,9,10,4,8
170782,4095,10104,43134,C,f,RR,3,6383,THA,0,0,458,78,0,0,22.811773,0,52035,SRI,0,0,0,0,0,0,21.96304,0,7-5 6-0,0,2,0,13,5,0,0,t,170782,0,68,7,7,55,37,30,6,9,3,4,2,7,49,24,16,8,9,1,6
171337,4093,12204,43196,C,f,RR,3,5364,SVK,0,0,130,425,0,0,28.72553,190,5986,BIH,0,0,32,1415,0,0,25.867214,172,6-3 7-6(3),0,2,0,12,9,1,0,t,171337,0,119,3,1,90,62,41,12,11,5,8,1,2,70,42,24,14,10,2,6
171632,4116,292,43220,C,f,R16,3,6196,CZE,7,0,84,688,0,0,24.804928,198,6315,BRA,0,Q,131,434,0,0,23.915127,183,6-2 2-6 7-6(3),0,2,1,14,14,1,0,t,171632,0,147,2,6,94,59,42,15,14,2,6,2,1,95,58,40,19,14,7,11
171127,4107,290,43157,C,t,R16,3,4296,BRA,0,0,106,531,0,0,34.06434,178,6030,ARG,0,0,96,595,0,0,25.530458,0,6-4 6-2,0,2,0,12,6,0,0,t,171127,0,88,1,0,56,42,29,10,9,1,1,2,0,57,34,22,12,9,3,6
170895,4099,294,43143,C,f,QF,3,5630,ARG,0,0,70,755,0,0,27.356606,190,4198,ESP,0,0,69,755,0,0,34.694046,188,6-3 7-5,0,2,0,13,8,0,0,t,170895,0,85,3,1,63,42,28,15,11,3,4,1,0,55,41,27,8,10,1,4
171392,4095,17701,43197,C,f,RR,3,6136,PHI,0,0,1485,2,0,0,25.015743,0,26945,THA,0,0,1411,3,0,0,21.371664,0,6-2 6-2,0,2,0,12,4,0,0,t,171392,0,67,3,0,42,23,19,14,8,1,1,1,3,50,36,18,6,8,2,6
171112,4107,272,43157,C,t,R32,3,4198,ESP,0,0,67,780,0,0,34.732376,188,5577,AUT,0,0,109,525,0,0,27.624914,0,6-4 3-6 6-3,0,2,1,15,13,0,0,t,171112,0,123,3,9,90,59,38,13,14,5,9,7,1,84,53,36,10,14,3,8
171639,4116,299,43220,C,f,SF,3,4291,TUN,0,0,78,718,0,0,34.275154,185,11485,SRB,0,0,110,500,0,0,22.910336,188,6-3 6-2,0,2,0,12,5,0,0,t,171639,0,91,1,0,60,35,25,14,9,5,6,3,3,58,35,23,7,8,6,10
171439,4111,282,43199,C,f,R32,3,5056,ITA,0,Q,221,246,0,0,30.283367,0,5231,UKR,7,0,52,966,0,0,29.418207,180,6-2 6-3,0,2,0,12,5,0,0,t,171439,0,78,0,1,65,45,31,12,9,6,6,3,3,64,33,20,15,8,7,10
170888,4099,287,43143,C,f,R16,3,5630,ARG,0,0,70,755,0,0,27.356606,190,5658,POR,0,LL,114,502,0,0,27.219713,178,7-6(5) 7-6(6),0,2,0,12,12,2,0,t,170888,0,139,1,4,81,51,41,15,12,4,5,1,2,101,61,43,21,12,3,4
171630,4116,290,43220,C,f,R16,3,3893,ITA,5,0,76,725,0,0,36.37235,183,5466,ARG,0,Q,186,306,0,0,28.24367,0,6-2 7-6(5),0,2,0,12,8,1,0,t,171630,0,117,2,2,81,47,33,13,10,3,6,0,1,77,43,25,15,10,6,11
171125,4107,288,43157,C,t,R16,3,4654,URU,3,0,31,1470,0,0,32.15332,180,23949,AUT,0,Q,143,377,0,0,21.793293,0,6-4 7-6(4),0,2,0,12,10,1,0,t,171125,0,93,3,5,61,35,32,13,11,0,1,5,0,69,42,28,16,11,4,6
171568,4114,280,43213,C,f,R32,3,32067,ITA,0,Q,159,352,0,0,22.951403,191,27834,POL,0,Q,182,309,0,0,21.193703,196,6-7(2) 7-6(8) 6-4,0,2,1,18,16,1,1,t,171568,0,156,9,4,101,69,51,21,17,1,3,3,2,118,75,50,29,17,7,10
171563,4114,275,43213,C,f,R32,3,5918,GEO,0,0,79,707,0,0,26.162903,185,3893,ITA,0,0,66,815,0,0,36.353184,183,6-4 6-2,0,2,0,12,6,0,0,t,171563,0,81,5,0,58,37,26,16,9,2,2,3,5,64,32,24,12,9,7,10
171522,4113,256,43213,C,f,R64,3,6202,USA,0,Q,106,536,0,0,24.761122,0,6058,RUS,0,LL,138,400,0,0,25.486652,0,7-5 5-7 6-3,0,2,1,18,15,0,0,t,171522,0,133,11,7,99,57,45,18,17,4,8,1,8,106,70,43,18,16,5,10
171482,4112,270,43206,C,f,R32,3,5220,CRO,2,0,3,4985,0,0,29.546886,198,4269,ESP,0,0,37,1280,0,0,34.417522,188,6-3 7-6(4),0,2,0,12,9,1,0,t,171482,0,93,7,3,77,53,43,8,11,6,8,1,1,65,48,30,9,10,0,3
171528,4113,268,43213,C,f,R64,3,6134,ESP,0,0,77,710,0,0,25.084188,183,4887,AUT,0,PR,420,91,0,0,31.088295,190,6-2 6-4,0,2,0,12,6,0,0,t,171528,0,95,0,3,59,42,30,9,9,5,7,2,1,63,37,20,11,9,4,9
171563,4114,275,43213,C,f,R32,3,5918,GEO,0,0,79,707,0,0,26.162903,185,3893,ITA,0,0,66,815,0,0,36.353184,183,6-4 6-2,0,2,0,12,6,0,0,t,171563,0,81,5,0,58,37,26,16,9,2,2,3,5,64,32,24,12,9,7,10
171413,4110,287,43199,C,f,R16,3,5801,USA,8,0,56,898,0,0,26.715948,188,6030,ARG,0,0,87,650,0,0,25.645449,0,6-2 7-6(3),0,2,0,12,8,1,0,t,171413,0,86,13,2,67,36,28,18,10,5,7,2,0,57,35,23,10,10,3,7
171328,4093,11301,43196,C,f,RR,3,11769,CHI,0,0,64,822,0,0,22.475018,0,6030,ARG,0,0,87,650,0,0,25.626284,0,4-6 7-6(6) 6-2,0,2,1,16,14,1,0,t,171328,0,133,8,0,90,56,44,21,15,5,6,2,2,84,62,48,12,15,2,4
171413,4110,287,43199,C,f,R16,3,5801,USA,8,0,56,898,0,0,26.715948,188,6030,ARG,0,0,87,650,0,0,25.645449,0,6-2 7-6(3),0,2,0,12,8,1,0,t,171413,0,86,13,2,67,36,28,18,10,5,7,2,0,57,35,23,10,10,3,7
170879,4099,276,43143,C,f,R32,3,5057,BRA,0,Q,137,431,0,0,30.121834,188,6384,ARG,0,WC,276,183,0,0,22.839151,0,6-2 6-1,0,2,0,12,3,0,0,t,170879,0,57,0,1,40,24,19,10,7,0,0,0,4,43,27,13,4,8,1,6
171130,4107,293,43157,C,t,R16,3,5070,ESP,1,0,22,1850,0,0,30.110884,188,6091,BRA,0,Q,225,237,0,0,25.155373,0,6-3 6-4,0,2,0,12,7,0,0,t,171130,0,91,14,4,66,39,36,9,10,4,4,4,2,60,43,27,10,9,2,4
170894,4099,293,43143,C,f,R16,3,6219,AUT,1,0,6,4060,0,0,24.443531,185,4546,ARG,0,0,66,768,0,0,32.796715,188,6-4 6-3,0,2,0,12,7,0,0,t,170894,0,89,4,1,53,41,29,9,9,1,1,2,0,70,50,32,8,10,7,10
170898,4099,297,43143,C,f,QF,3,6219,AUT,1,0,6,4060,0,0,24.443531,185,5539,ARG,0,0,59,864,0,0,27.742641,185,7-6(7) 6-4,0,2,0,12,10,1,0,t,170898,0,108,3,1,72,54,38,9,11,2,4,4,0,80,54,35,12,11,9,12
170684,4093,304,43133,C,f,RR,3,6219,AUT,0,0,6,4060,0,0,24.405203,185,25608,BLR,0,0,190,281,0,0,23.928816,193,6-4 7-6(5),0,2,0,12,10,1,0,t,170684,0,102,8,2,69,42,29,19,11,1,2,6,1,82,52,37,13,11,3,5
171450,4111,293,43199,C,f,R16,3,6058,RUS,0,Q,160,349,0,0,25.448322,0,5070,ESP,1,0,23,1745,0,0,30.225872,188,7-6(4) 6-2,0,2,0,12,8,1,0,t,171450,0,117,0,3,79,49,33,13,10,5,8,2,1,75,42,26,11,10,4,9
170751,4095,7002,43134,C,f,RR,3,44534,MAR,0,0,698,30,0,0,20.383299,0,5918,GEO,0,0,57,916,0,0,25.932922,185,3-6 6-3 6-3,0,2,1,15,12,0,0,t,170751,0,117,3,6,94,45,34,21,14,7,10,0,4,94,63,35,18,13,9,14
171481,4112,268,43206,C,f,R64,3,5370,SLO,0,0,58,877,0,0,28.744696,181,5792,BIH,0,LL,92,643,0,0,26.762491,0,6-4 7-6(3),0,2,0,12,10,1,0,t,171481,0,87,6,2,63,43,33,13,11,1,2,1,1,70,42,25,18,11,2,4
171328,4093,11301,43196,C,f,RR,3,11769,CHI,0,0,64,822,0,0,22.475018,0,6030,ARG,0,0,87,650,0,0,25.626284,0,4-6 7-6(6) 6-2,0,2,1,16,14,1,0,t,171328,0,133,8,0,90,56,44,21,15,5,6,2,2,84,62,48,12,15,2,4
171520,4113,252,43213,C,f,R64,3,26577,GRE,0,0,63,822,0,0,19.696098,193,44668,FRA,0,Q,137,401,0,0,19.011637,178,6-4 6-1,0,2,0,12,5,0,0,t,171520,0,87,2,3,63,38,27,12,9,3,5,0,0,67,59,26,5,8,8,13
171534,4113,275,43213,C,f,R32,3,6061,SVK,0,LL,146,387,0,0,25.46475,0,5539,ARG,0,0,60,858,0,0,27.934292,185,6-3 6-3,0,2,0,12,6,0,0,t,171534,0,80,1,1,57,35,26,15,9,5,5,3,2,60,42,26,9,9,5,8
171520,4113,252,43213,C,f,R64,3,26577,GRE,0,0,63,822,0,0,19.696098,193,44668,FRA,0,Q,137,401,0,0,19.011637,178,6-4 6-1,0,2,0,12,5,0,0,t,171520,0,87,2,3,63,38,27,12,9,3,5,0,0,67,59,26,5,8,8,13
170892,4099,291,43143,C,f,R16,3,4914,ARG,0,0,50,974,0,0,30.748802,188,4921,ITA,4,0,22,1850,0,0,30.724161,178,6-3 6-3,0,2,0,12,6,0,0,t,170892,0,73,4,0,50,32,26,10,9,2,3,2,2,57,38,22,9,9,2,6
171444,4111,287,43199,C,f,R16,3,4291,TUN,0,WC,91,638,0,0,34.21766,185,4994,GER,8,0,55,932,0,0,30.631075,190,6-2 6-4,0,2,0,12,6,0,0,t,171444,0,79,2,1,62,32,26,17,9,8,8,3,5,51,25,19,11,9,2,5
171575,4114,289,43213,C,f,R16,3,4311,ITA,8,0,55,951,0,0,34.168377,190,4022,RUS,0,0,100,610,0,0,35.827515,183,6-1 6-2,0,2,0,12,3,0,0,t,171575,0,63,3,0,39,25,22,10,8,0,0,0,0,47,26,14,10,7,2,6
170845,4097,298,43136,C,f,SF,3,5070,ESP,2,0,21,1925,0,0,30.053389,188,6315,BRA,0,0,118,495,0,0,23.685146,183,6-4 6-7(4) 6-4,0,2,1,18,14,0,1,t,170845,0,162,7,3,89,56,45,23,16,2,2,10,3,118,75,55,20,16,5,7
171548,4113,289,43213,C,f,R16,3,26577,GRE,0,0,63,822,0,0,19.696098,193,5070,ESP,10,0,40,1190,0,0,30.264202,188,6-4 7-5,0,2,0,13,9,0,0,t,171548,0,101,5,1,68,39,28,17,11,2,3,2,0,66,49,32,10,11,3,6
171456,4111,299,43199,C,f,SF,3,4664,ESP,0,PR,355,126,0,0,32.208076,180,5303,POR,0,0,70,760,0,0,29.026693,185,6-4 6-4,0,2,0,12,8,0,0,t,171456,0,84,1,1,54,29,21,17,10,2,4,2,3,64,36,25,9,10,4,8
171505,4112,293,43206,C,f,R16,3,4742,ESP,1,0,1,8770,0,0,31.868584,185,11547,RUS,0,0,38,1255,0,0,21.902807,198,6-3 6-2,0,2,0,12,5,0,0,t,171505,0,79,3,1,45,28,22,11,9,0,1,1,2,46,20,10,13,8,3,7
171414,4110,288,43199,C,f,R16,3,6387,AUS,4,0,24,1675,0,0,22.951403,193,6202,USA,0,0,108,531,0,0,24.722792,0,6-7(2) 6-1 6-2,0,2,1,18,9,0,1,t,171414,0,92,21,8,99,53,41,27,14,2,2,9,7,76,45,34,14,13,3,7
170682,4093,101,43133,C,f,RR,3,5577,AUT,0,0,98,545,0,0,27.548254,0,25608,BLR,0,0,190,281,0,0,23.928816,193,2-6 7-5 6-4,0,2,1,15,15,0,0,t,170682,0,135,4,3,88,57,41,18,15,3,6,8,4,103,60,46,18,15,5,8
170842,4097,295,43136,C,f,QF,3,6315,BRA,0,0,118,495,0,0,23.685146,183,4789,FRA,3,0,43,1130,0,0,31.430527,193,6-4 2-6 6-4,0,2,1,14,14,0,0,t,170842,0,110,6,1,80,43,32,25,14,3,5,11,11,84,51,40,17,14,2,4
171022,4104,274,43150,C,f,R32,3,5793,ESP,3,0,11,2660,0,0,26.60917,188,6051,ITA,0,Q,102,543,0,0,25.38809,185,6-4 6-1,0,2,0,12,5,0,0,t,171022,0,63,0,2,53,41,29,6,8,4,5,2,1,54,36,22,3,9,6,11
170843,4097,296,43136,C,f,QF,3,6134,ESP,0,Q,107,523,0,0,24.873375,183,11769,CHI,8,0,95,557,0,0,22.321697,0,3-6 6-2 7-6(5),0,2,1,15,14,1,0,t,170843,0,114,4,9,81,52,43,16,14,1,2,14,6,105,69,52,16,15,4,6
171415,4110,289,43199,C,f,R16,3,3333,CRO,0,0,88,645,0,0,39.1102,208,6031,USA,0,Q,122,456,0,0,25.64271,180,7-5 7-5,0,2,0,14,10,0,0,t,171415,0,96,14,3,66,46,40,10,12,4,5,2,5,86,53,34,17,12,5,8
171393,4095,17802,43197,C,f,RR,3,6383,THA,0,0,433,87,0,0,22.984257,0,45282,PHI,0,0,0,0,0,0,18.770704,0,6-3 6-4,0,2,0,12,7,0,0,t,171393,0,70,14,0,56,30,25,18,10,3,3,1,0,57,42,29,6,9,4,6
171454,4111,297,43199,C,f,QF,3,4664,ESP,0,PR,355,126,0,0,32.208076,180,6058,RUS,0,Q,160,349,0,0,25.448322,0,6-4 5-7 6-3,0,2,1,17,14,0,0,t,171454,0,167,0,4,106,74,43,15,16,8,14,3,7,114,77,49,10,15,9,16
171570,4114,283,43213,C,f,R32,3,9719,GER,0,0,74,731,0,0,22.855577,0,4677,SRB,0,0,71,775,0,0,32.197124,193,3-6 6-4 6-4,0,2,1,15,14,0,0,t,171570,0,110,4,2,89,52,35,25,15,4,6,5,1,84,60,42,13,14,6,8
170736,4095,5501,43134,C,f,RR,3,5921,PER,0,0,1428,2,0,0,25.927446,0,6184,BOL,0,0,240,217,0,0,24.621492,0,6-2 6-2,0,2,0,12,4,0,0,t,170736,0,63,2,1,42,27,21,12,8,2,2,4,4,66,44,23,11,8,11,15
171566,4114,278,43213,C,f,R32,3,5370,SLO,5,0,57,922,0,0,28.76386,181,5644,ROU,0,0,84,680,0,0,27.5154,193,6-7(3) 7-5 6-3,0,2,1,19,14,0,1,t,171566,0,145,3,0,107,67,52,24,17,3,3,10,4,95,55,45,21,16,2,4
171541,4113,282,43213,C,f,R32,3,5364,SVK,0,Q,140,396,0,0,28.783026,190,4920,SRB,6,0,12,2220,0,0,30.921288,188,6-2 1-6 6-3,0,2,1,13,11,0,0,t,171541,0,99,4,4,67,42,28,15,12,2,4,5,2,61,48,34,7,12,0,3
171038,4104,290,43150,C,f,R16,3,4654,URU,7,0,33,1380,0,0,32.134155,180,5658,POR,0,LL,114,518,0,0,27.238878,178,7-5 6-1,0,2,0,13,6,0,0,t,171038,0,96,1,3,54,35,26,10,10,1,3,1,6,56,25,16,11,9,5,10
171497,4112,285,43206,C,f,R32,3,4742,ESP,1,0,1,8770,0,0,31.868584,185,5370,SLO,0,0,58,877,0,0,28.744696,181,6-1 6-3,0,2,0,12,4,0,0,t,171497,0,78,0,0,48,32,24,11,8,2,2,2,1,51,31,19,8,8,4,8
171405,4110,277,43199,C,f,R32,3,6031,USA,0,Q,122,456,0,0,25.64271,180,4269,ESP,5,0,36,1305,0,0,34.398357,188,6-4 7-6(4),0,2,0,12,10,1,0,t,171405,0,103,4,4,77,40,31,18,11,4,6,2,5,73,47,29,14,11,5,8
171042,4104,294,43150,C,f,QF,3,4269,ESP,8,0,40,1260,0,0,34.264202,188,6219,AUT,2,0,6,4220,0,0,24.462696,185,6-4 6-0,0,2,0,12,4,0,0,t,171042,0,86,4,2,60,37,31,9,8,4,4,6,3,64,39,22,9,8,9,13
171132,4107,295,43157,C,t,QF,3,4654,URU,3,0,31,1470,0,0,32.15332,180,4914,ARG,5,0,49,999,0,0,30.787132,188,6-2 6-7(13) 7-6(5),0,2,1,18,14,1,1,t,171132,0,176,6,2,112,75,58,23,16,1,2,7,1,118,65,50,30,16,5,8
171446,4111,289,43199,C,f,R16,3,4467,FRA,0,0,71,755,0,0,33.281315,183,6134,ESP,0,0,78,706,0,0,25.045858,183,7-5 6-1,0,2,0,13,6,0,0,t,171446,0,109,3,2,57,35,23,13,10,2,5,1,4,75,40,20,14,9,10,16
171466,4112,249,43206,C,f,R64,3,4921,ITA,13,0,20,1840,0,0,30.896646,178,25608,BLR,0,Q,122,458,0,0,24.139631,193,6-4 7-5,0,2,0,13,9,0,0,t,171466,0,86,1,2,61,40,24,13,11,1,4,5,2,56,32,18,10,11,1,6
171035,4104,287,43150,C,f,R16,3,4269,ESP,8,0,40,1260,0,0,34.264202,188,6030,ARG,0,0,86,660,0,0,25.511293,0,6-7(3) 6-2 6-0,0,2,1,18,8,0,1,t,171035,0,126,7,3,92,64,44,13,13,4,5,3,6,84,52,32,10,13,3,9
171446,4111,289,43199,C,f,R16,3,4467,FRA,0,0,71,755,0,0,33.281315,183,6134,ESP,0,0,78,706,0,0,25.045858,183,7-5 6-1,0,2,0,13,6,0,0,t,171446,0,109,3,2,57,35,23,13,10,2,5,1,4,75,40,20,14,9,10,16
171410,4110,283,43199,C,f,R32,3,26010,USA,0,0,58,893,0,0,20.21629,188,11429,USA,0,WC,142,398,0,0,22.98152,0,6-3 6-3,0,2,0,12,6,0,0,t,171410,0,63,6,0,51,28,22,13,9,1,2,3,5,50,28,17,9,9,4,8
170827,4097,278,43136,C,f,R32,3,11769,CHI,8,0,95,557,0,0,22.321697,0,5476,ARG,0,Q,195,275,0,0,27.939768,183,6-7(4) 6-2 7-6(5),0,2,1,18,14,1,1,t,170827,0,130,10,11,115,71,57,23,16,5,5,3,4,96,65,47,21,16,4,6
171420,4110,294,43199,C,f,QF,3,5801,USA,8,0,56,898,0,0,26.715948,188,5539,ARG,0,0,63,830,0,0,27.895962,185,4-6 7-5 6-3,0,2,1,17,14,0,0,t,171420,0,139,9,7,112,66,43,26,16,7,10,5,1,84,54,37,15,15,4,8
171115,4107,276,43157,C,t,R32,3,4122,ARG,0,0,131,424,0,0,35.063656,183,50371,BRA,0,WC,620,44,0,0,17.965776,0,3-6 6-3 6-2,0,2,1,15,11,0,0,t,171115,0,135,2,1,96,62,42,19,13,4,5,3,2,68,40,29,17,13,1,4
171130,4107,293,43157,C,t,R16,3,5070,ESP,1,0,22,1850,0,0,30.110884,188,6091,BRA,0,Q,225,237,0,0,25.155373,0,6-3 6-4,0,2,0,12,7,0,0,t,171130,0,91,14,4,66,39,36,9,10,4,4,4,2,60,43,27,10,9,2,4
171457,4111,300,43199,C,f,F,3,4664,ESP,0,PR,355,126,0,0,32.208076,180,6364,GBR,2,0,26,1627,0,0,23.249828,188,6-2 6-2,0,2,0,12,4,0,0,t,171457,0,82,0,0,55,37,26,8,8,7,9,1,0,56,30,12,11,8,4,10
171456,4111,299,43199,C,f,SF,3,4664,ESP,0,PR,355,126,0,0,32.208076,180,5303,POR,0,0,70,760,0,0,29.026693,185,6-4 6-4,0,2,0,12,8,0,0,t,171456,0,84,1,1,54,29,21,17,10,2,4,2,3,64,36,25,9,10,4,8
170832,4097,284,43136,C,f,R32,3,5403,SVK,0,Q,156,344,0,0,28.377823,180,4296,BRA,0,0,101,531,0,0,34.006844,178,7-5 6-4,0,2,0,13,9,0,0,t,170832,0,89,9,3,67,43,33,15,11,7,8,1,9,69,36,24,17,11,3,6
171453,4111,296,43199,C,f,QF,3,5303,POR,0,0,70,760,0,0,29.026693,185,5918,GEO,0,0,86,655,0,0,26.124573,185,6-2 4-6 6-1,0,2,1,16,9,0,0,t,171453,0,103,6,3,80,49,30,20,13,4,7,1,3,80,42,19,20,12,7,13
171496,4112,284,43206,C,f,R32,3,11547,RUS,0,0,38,1255,0,0,21.902807,198,4467,FRA,0,WC,69,780,0,0,33.30048,183,6-2 6-2,0,2,0,12,4,0,0,t,171496,0,83,4,1,53,31,24,14,8,7,7,1,1,52,35,20,6,8,5,9
171475,4112,260,43206,C,f,R64,3,5718,FRA,0,Q,82,690,0,0,27.080082,188,3893,ITA,0,0,63,850,0,0,36.33402,183,7-6(7) 6-4,0,2,0,12,10,1,0,t,171475,0,107,8,5,84,57,45,12,11,5,5,3,6,70,48,37,10,11,2,3
171026,4104,278,43150,C,f,R32,3,4654,URU,7,0,33,1380,0,0,32.134155,180,6315,BRA,0,WC,104,540,0,0,23.723476,183,6-7(5) 7-6(10) 6-3,0,2,1,18,15,1,1,t,171026,0,161,11,7,108,60,48,22,17,3,7,9,2,100,64,44,15,16,1,6
171562,4114,273,43213,C,f,R32,3,5515,GER,7,0,61,830,0,0,27.994524,193,5125,EST,0,Q,133,415,0,0,30.067078,190,2-6 6-4 7-5,0,2,1,15,15,0,0,t,171562,0,104,10,2,86,53,38,20,15,3,5,9,0,83,61,42,13,15,3,5
171047,4104,299,43150,C,f,SF,3,6029,ARG,6,0,23,1810,0,0,25.511293,170,11769,CHI,0,0,94,596,0,0,22.360027,0,7-5 6-2,0,2,0,13,7,0,0,t,171047,0,77,6,5,67,38,28,15,10,6,7,6,5,57,39,23,8,10,4,8
171486,4112,274,43206,C,f,R32,3,644,GER,3,0,4,4925,0,0,20.988363,198,4180,LUX,0,0,28,1465,0,0,34.937714,193,4-6 6-3 6-2,0,2,1,16,11,0,0,t,171486,0,122,4,5,75,41,34,15,13,2,4,6,5,96,58,42,12,14,9,14
171117,4107,278,43157,C,t,R32,3,4296,BRA,0,0,106,531,0,0,34.06434,178,5801,USA,7,0,58,893,0,0,26.600958,188,6-0 6-4,0,2,0,12,4,0,0,t,171117,0,71,2,1,44,35,27,7,8,4,4,4,2,54,33,21,6,8,3,7
171039,4104,291,43150,C,f,R16,3,11769,CHI,0,0,94,596,0,0,22.360027,0,5070,ESP,4,0,19,1985,0,0,30.091719,188,7-5 6-3,0,2,0,13,8,0,0,t,171039,0,102,6,4,62,35,27,13,11,2,4,1,2,74,39,23,16,10,7,11
171422,4110,296,43199,C,f,QF,3,26006,USA,0,0,72,744,0,0,20.44627,193,6044,USA,3,0,16,2200,0,0,25.538671,185,6-3 3-6 6-4,0,2,1,15,13,0,0,t,171422,0,142,14,5,90,56,38,19,14,5,7,2,6,97,58,46,16,14,9,12
170884,4099,282,43143,C,f,R32,3,4269,ESP,8,0,40,1260,0,0,34.245037,188,6315,BRA,0,SE,96,575,0,0,23.704311,183,6-2 7-5,0,2,0,13,7,0,0,t,170884,0,92,5,0,57,31,23,20,10,1,1,4,2,74,41,28,15,10,9,12
170899,4099,298,43143,C,f,SF,3,5370,SLO,0,0,51,968,0,0,28.57221,181,5630,ARG,0,0,70,755,0,0,27.356606,190,6-4 2-6 6-1,0,2,1,14,11,0,0,t,170899,0,116,15,1,72,49,32,12,12,1,4,1,3,77,45,27,17,13,4,9
171441,4111,284,43199,C,f,R32,3,6058,RUS,0,Q,160,349,0,0,25.448322,0,5515,GER,0,0,60,880,0,0,27.956194,193,3-6 6-3 6-2,0,2,1,15,11,0,0,t,171441,0,95,1,0,85,52,38,16,13,2,5,11,5,73,42,27,13,13,3,8
171421,4110,295,43199,C,f,QF,3,3333,CRO,0,0,88,645,0,0,39.1102,208,6387,AUS,4,0,24,1675,0,0,22.951403,193,3-6 6-2 6-3,0,2,1,15,11,0,0,t,171421,0,92,18,4,69,44,37,14,13,3,4,3,1,81,55,34,16,13,5,8
171523,4113,259,43213,C,f,R64,3,4914,ARG,0,0,45,1073,0,0,30.940453,188,4994,GER,0,0,52,977,0,0,30.669405,190,6-3 6-0,0,2,0,12,3,0,0,t,171523,0,63,5,1,53,33,27,10,8,4,4,1,0,37,19,11,6,7,2,6
171443,4111,286,43199,C,f,R16,3,6364,GBR,2,0,26,1627,0,0,23.249828,188,5420,MDA,0,0,93,626,0,0,28.40794,175,6-2 6-4,0,2,0,12,6,0,0,t,171443,0,74,3,5,59,36,30,10,9,4,5,1,4,52,33,19,10,9,1,5
171032,4104,284,43150,C,f,R32,3,4789,FRA,0,0,39,1265,0,0,31.468857,193,4546,ARG,0,0,68,768,0,0,32.81588,188,7-5 3-6 7-5,0,2,1,17,16,0,0,t,171032,0,139,10,3,95,62,46,19,17,1,4,5,2,97,58,41,22,16,4,7
170841,4097,294,43136,C,f,QF,3,5070,ESP,2,0,21,1925,0,0,30.053389,188,5577,AUT,0,0,98,545,0,0,27.56742,0,6-2 6-4,0,2,0,12,6,0,0,t,170841,0,78,1,2,52,33,28,10,9,1,1,6,4,52,29,24,7,9,2,5
171336,4093,12102,43196,C,f,RR,3,5364,SVK,0,0,130,425,0,0,28.72553,190,5792,BIH,0,0,95,623,0,0,26.724161,0,7-6(5) 6-1,0,2,0,12,7,1,0,t,171336,0,83,8,4,64,44,36,12,10,3,3,7,1,65,48,33,9,9,11,13
171134,4107,297,43157,C,t,QF,3,11769,CHI,0,0,73,728,0,0,22.379192,0,5070,ESP,1,0,22,1850,0,0,30.110884,188,6-7(6) 6-4 7-6(3),0,2,1,18,16,1,1,t,171134,0,166,15,4,121,79,62,25,17,9,10,3,2,109,76,55,21,17,2,4
170829,4097,280,43136,C,f,R32,3,6134,ESP,0,Q,107,523,0,0,24.873375,183,5929,ITA,0,Q,247,211,0,0,25.92197,0,7-6(5) 6-3,0,2,0,12,9,1,0,t,170829,0,109,2,4,66,38,28,17,10,2,3,2,7,76,42,30,16,11,8,11
170876,4099,272,43143,C,f,R32,3,5630,ARG,0,0,70,755,0,0,27.356606,190,4252,GER,0,0,71,739,0,0,34.35729,190,7-6(4) 6-4,0,2,0,12,10,1,0,t,170876,0,95,3,4,76,45,27,18,11,4,8,0,2,71,43,24,15,11,2,7
170840,4097,293,43136,C,f,R16,3,5403,SVK,0,Q,156,344,0,0,28.377823,180,5793,ESP,1,0,10,2705,0,0,26.570843,188,6-4 6-2,0,2,0,12,6,0,0,t,170840,0,65,2,3,47,28,25,10,9,2,3,0,5,51,33,22,6,9,2,6
170682,4093,101,43133,C,f,RR,3,5577,AUT,0,0,98,545,0,0,27.548254,0,25608,BLR,0,0,190,281,0,0,23.928816,193,2-6 7-5 6-4,0,2,1,15,15,0,0,t,170682,0,135,4,3,88,57,41,18,15,3,6,8,4,103,60,46,18,15,5,8
171132,4107,295,43157,C,t,QF,3,4654,URU,3,0,31,1470,0,0,32.15332,180,4914,ARG,5,0,49,999,0,0,30.787132,188,6-2 6-7(13) 7-6(5),0,2,1,18,14,1,1,t,171132,0,176,6,2,112,75,58,23,16,1,2,7,1,118,65,50,30,16,5,8
171490,4112,278,43206,C,f,R32,3,5663,BEL,6,0,10,3110,0,0,27.356606,163,26577,GRE,0,Q,71,767,0,0,19.676933,193,7-6(4) 7-5,0,2,0,13,11,1,0,t,171490,0,122,6,0,72,49,35,13,12,1,4,7,2,107,60,34,26,12,11,15
171133,4107,296,43157,C,t,QF,3,4546,ARG,0,0,69,743,0,0,32.835045,188,4296,BRA,0,0,106,531,0,0,34.06434,178,6-7(3) 6-2 6-4,0,2,1,18,12,0,1,t,171133,0,141,11,5,90,62,42,15,15,5,7,3,3,99,64,41,18,15,3,8
171479,4112,266,43206,C,f,R64,3,4467,FRA,0,WC,69,780,0,0,33.30048,183,5166,FRA,16,0,26,1655,0,0,29.79603,183,6-3 4-6 6-2,0,2,1,16,11,0,0,t,171479,0,142,2,0,93,61,38,15,14,10,15,1,1,76,51,26,12,13,8,15
171466,4112,249,43206,C,f,R64,3,4921,ITA,13,0,20,1840,0,0,30.896646,178,25608,BLR,0,Q,122,458,0,0,24.139631,193,6-4 7-5,0,2,0,13,9,0,0,t,171466,0,86,1,2,61,40,24,13,11,1,4,5,2,56,32,18,10,11,1,6
171495,4112,283,43206,C,f,R32,3,4920,SRB,9,0,13,2310,0,0,30.902122,188,6418,CRO,0,0,39,1251,0,0,21.418207,188,7-6(2) 7-5,0,2,0,13,11,1,0,t,171495,0,135,5,1,92,60,40,18,12,6,9,1,3,80,48,31,14,12,4,8
171119,4107,280,43157,C,t,R32,3,4546,ARG,0,0,69,743,0,0,32.835045,188,5057,BRA,0,0,132,418,0,0,30.160164,188,7-6(2) 3-6 6-3,0,2,1,15,15,1,0,t,171119,0,147,7,4,101,64,46,25,15,5,6,8,4,92,56,43,21,15,2,3
171403,4110,275,43199,C,f,R32,3,6202,USA,0,0,108,531,0,0,24.722792,0,11415,AUS,0,0,99,611,0,0,23.969883,183,6-1 6-1,0,2,0,12,2,0,0,t,171403,0,62,5,0,33,20,18,10,7,0,0,5,2,62,39,23,5,7,6,11
171507,4112,295,43206,C,f,QF,3,644,GER,3,0,4,4925,0,0,20.988363,198,4752,FRA,0,0,34,1340,0,0,31.827515,185,4-6 6-2 7-5,0,2,1,17,13,0,0,t,171507,0,159,5,4,100,55,33,20,15,10,17,1,2,98,54,28,17,15,3,12
171490,4112,278,43206,C,f,R32,3,5663,BEL,6,0,10,3110,0,0,27.356606,163,26577,GRE,0,Q,71,767,0,0,19.676933,193,7-6(4) 7-5,0,2,0,13,11,1,0,t,171490,0,122,6,0,72,49,35,13,12,1,4,7,2,107,60,34,26,12,11,15
171463,4112,244,43206,C,f,R64,3,4311,ITA,0,Q,62,851,0,0,34.14921,190,6364,GBR,0,0,23,1757,0,0,23.268993,188,6-3 5-7 6-2,0,2,1,17,12,0,0,t,171463,0,123,7,1,96,52,39,22,15,9,11,8,2,86,46,35,19,14,7,11
170882,4099,279,43143,C,f,R32,3,5571,SRB,0,0,88,652,0,0,27.622177,180,5476,ARG,0,Q,190,287,0,0,27.958933,183,7-6(4) 6-1,0,2,0,12,7,1,0,t,170882,0,84,4,2,72,50,34,14,10,5,6,1,3,64,43,26,11,9,4,7
171043,4104,295,43150,C,f,QF,3,4921,ITA,5,0,21,1850,0,0,30.743326,178,5370,SLO,0,0,43,1098,0,0,28.591375,181,6-7(3) 6-3 6-1,0,2,1,18,10,0,1,t,171043,0,154,1,2,102,63,41,27,14,11,12,3,3,108,58,42,19,14,8,13
171345,4093,13004,43196,C,f,RR,3,44899,ISR,0,0,570,53,0,0,18.239561,0,6310,CZE,0,0,233,227,0,0,23.868584,0,7-5 6-3,0,2,0,13,8,0,0,t,171345,0,79,7,1,68,46,35,14,11,3,3,1,2,64,43,28,12,10,5,7
171038,4104,290,43150,C,f,R16,3,4654,URU,7,0,33,1380,0,0,32.134155,180,5658,POR,0,LL,114,518,0,0,27.238878,178,7-5 6-1,0,2,0,13,6,0,0,t,171038,0,96,1,3,54,35,26,10,10,1,3,1,6,56,25,16,11,9,5,10
171417,4110,291,43199,C,f,R16,3,6044,USA,3,0,16,2200,0,0,25.538671,185,4546,ARG,0,0,66,798,0,0,32.950035,188,6-4 6-4,0,2,0,12,8,0,0,t,171417,0,88,6,3,49,25,22,18,10,0,0,4,7,80,47,34,15,10,11,13
170688,4093,704,43133,C,f,RR,3,11769,CHI,0,0,95,557,0,0,22.302532,0,5919,ECU,0,0,281,176,0,0,25.932922,0,6-4 7-6(6),0,2,0,12,10,1,0,t,170688,0,83,7,2,62,33,28,22,11,0,0,2,2,63,37,31,14,11,0,1
171112,4107,272,43157,C,t,R32,3,4198,ESP,0,0,67,780,0,0,34.732376,188,5577,AUT,0,0,109,525,0,0,27.624914,0,6-4 3-6 6-3,0,2,1,15,13,0,0,t,171112,0,123,3,9,90,59,38,13,14,5,9,7,1,84,53,36,10,14,3,8
171454,4111,297,43199,C,f,QF,3,4664,ESP,0,PR,355,126,0,0,32.208076,180,6058,RUS,0,Q,160,349,0,0,25.448322,0,6-4 5-7 6-3,0,2,1,17,14,0,0,t,171454,0,167,0,4,106,74,43,15,16,8,14,3,7,114,77,49,10,15,9,16
171032,4104,284,43150,C,f,R32,3,4789,FRA,0,0,39,1265,0,0,31.468857,193,4546,ARG,0,0,68,768,0,0,32.81588,188,7-5 3-6 7-5,0,2,1,17,16,0,0,t,171032,0,139,10,3,95,62,46,19,17,1,4,5,2,97,58,41,22,16,4,7
170782,4095,10104,43134,C,f,RR,3,6383,THA,0,0,458,78,0,0,22.811773,0,52035,SRI,0,0,0,0,0,0,21.96304,0,7-5 6-0,0,2,0,13,5,0,0,t,170782,0,68,7,7,55,37,30,6,9,3,4,2,7,49,24,16,8,9,1,6
171443,4111,286,43199,C,f,R16,3,6364,GBR,2,0,26,1627,0,0,23.249828,188,5420,MDA,0,0,93,626,0,0,28.40794,175,6-2 6-4,0,2,0,12,6,0,0,t,171443,0,74,3,5,59,36,30,10,9,4,5,1,4,52,33,19,10,9,1,5
171411,4110,284,43199,C,f,R32,3,5953,SUI,0,0,143,396,0,0,26.023272,0,4459,GER,0,WC,152,363,0,0,33.333332,196,6-4 6-3,0,2,0,12,7,0,0,t,171411,0,57,3,2,48,30,23,13,9,0,1,1,6,65,30,19,16,10,1,5
171429,4111,272,43199,C,f,R32,3,4291,TUN,0,WC,91,638,0,0,34.21766,185,5902,HUN,0,0,61,864,0,0,26.16564,188,1-6 6-4 6-2,0,2,1,13,12,0,0,t,171429,0,128,1,1,86,41,24,19,12,10,16,2,7,85,39,23,19,13,5,12
170827,4097,278,43136,C,f,R32,3,11769,CHI,8,0,95,557,0,0,22.321697,0,5476,ARG,0,Q,195,275,0,0,27.939768,183,6-7(4) 6-2 7-6(5),0,2,1,18,14,1,1,t,170827,0,130,10,11,115,71,57,23,16,5,5,3,4,96,65,47,21,16,4,6
171048,4104,300,43150,C,f,F,3,6029,ARG,6,0,23,1810,0,0,25.511293,170,4269,ESP,8,0,40,1260,0,0,34.264202,188,6-2 6-3,0,2,0,12,5,0,0,t,171048,0,83,2,4,69,35,26,17,9,8,9,3,3,51,27,18,7,8,1,5
171402,4110,273,43199,C,f,R32,3,5801,USA,8,0,56,898,0,0,26.715948,188,4879,SLO,0,0,128,433,0,0,31.09651,188,6-2 6-2,0,2,0,12,4,0,0,t,171402,0,64,6,1,51,27,21,16,8,4,4,0,0,42,29,13,7,8,1,5
171455,4111,298,43199,C,f,SF,3,6364,GBR,2,0,26,1627,0,0,23.249828,188,4752,FRA,4,0,38,1295,0,0,31.80835,185,6-3 6-4,0,2,0,12,7,0,0,t,171455,0,72,11,0,48,26,20,16,10,1,3,3,6,64,28,14,20,9,2,6
171462,4112,243,43206,C,f,R64,3,6407,RUS,0,0,49,984,0,0,22.176592,198,5902,HUN,0,0,59,864,0,0,26.184805,188,6-7(4) 6-2 7-5,0,2,1,19,13,0,1,t,171462,0,165,2,2,117,65,47,30,16,7,8,1,6,115,55,39,31,16,10,14
171330,4093,11504,43196,C,f,RR,3,6029,ARG,0,0,15,2220,0,0,25.626284,170,11769,CHI,0,0,64,822,0,0,22.475018,0,6-4 6-4,0,2,0,12,8,0,0,t,171330,0,97,0,2,78,49,31,13,10,6,9,1,1,69,44,20,14,10,5,10
171483,4112,271,43206,C,f,R32,3,5670,CAN,14,0,22,1765,0,0,27.301847,196,6051,ITA,0,Q,100,606,0,0,25.54141,185,7-6(5) 6-2,0,2,0,12,8,1,0,t,171483,0,85,16,2,55,33,27,16,10,0,1,3,2,75,56,35,9,10,5,8
170878,4099,275,43143,C,f,R32,3,5370,SLO,0,0,51,968,0,0,28.57221,181,6196,CZE,0,0,60,850,0,0,24.594114,198,6-0 6-3,0,2,0,12,3,0,0,t,170878,0,62,8,0,38,23,19,8,7,1,2,1,4,52,30,15,6,8,7,13
170842,4097,295,43136,C,f,QF,3,6315,BRA,0,0,118,495,0,0,23.685146,183,4789,FRA,3,0,43,1130,0,0,31.430527,193,6-4 2-6 6-4,0,2,1,14,14,0,0,t,170842,0,110,6,1,80,43,32,25,14,3,5,11,11,84,51,40,17,14,2,4
170844,4097,297,43136,C,f,QF,3,5403,SVK,0,Q,156,344,0,0,28.377823,180,44668,FRA,0,WC,152,361,0,0,18.800821,178,6-3 6-4,0,2,0,12,7,0,0,t,170844,0,120,0,2,75,43,26,16,10,8,11,0,8,79,49,27,12,9,10,15
170844,4097,297,43136,C,f,QF,3,5403,SVK,0,Q,156,344,0,0,28.377823,180,44668,FRA,0,WC,152,361,0,0,18.800821,178,6-3 6-4,0,2,0,12,7,0,0,t,170844,0,120,0,2,75,43,26,16,10,8,11,0,8,79,49,27,12,9,10,15
171414,4110,288,43199,C,f,R16,3,6387,AUS,4,0,24,1675,0,0,22.951403,193,6202,USA,0,0,108,531,0,0,24.722792,0,6-7(2) 6-1 6-2,0,2,1,18,9,0,1,t,171414,0,92,21,8,99,53,41,27,14,2,2,9,7,76,45,34,14,13,3,7
171119,4107,280,43157,C,t,R32,3,4546,ARG,0,0,69,743,0,0,32.835045,188,5057,BRA,0,0,132,418,0,0,30.160164,188,7-6(2) 3-6 6-3,0,2,1,15,15,1,0,t,171119,0,147,7,4,101,64,46,25,15,5,6,8,4,92,56,43,21,15,2,3
170897,4099,296,43143,C,f,QF,3,4789,FRA,0,0,43,1175,0,0,31.449692,193,4914,ARG,0,0,50,974,0,0,30.748802,188,6-4 3-6 6-3,0,2,1,15,13,0,0,t,170897,0,122,3,0,84,62,40,15,14,3,5,4,8,87,52,36,20,14,3,6
171408,4110,280,43199,C,f,R32,3,4546,ARG,0,0,66,798,0,0,32.950035,188,6401,JPN,0,Q,380,109,0,0,22.532513,170,6-1 6-2,0,2,0,12,3,0,0,t,171408,0,55,4,0,41,32,26,5,8,2,3,2,0,49,37,14,6,7,1,6
171429,4111,272,43199,C,f,R32,3,4291,TUN,0,WC,91,638,0,0,34.21766,185,5902,HUN,0,0,61,864,0,0,26.16564,188,1-6 6-4 6-2,0,2,1,13,12,0,0,t,171429,0,128,1,1,86,41,24,19,12,10,16,2,7,85,39,23,19,13,5,12
171392,4095,17701,43197,C,f,RR,3,6136,PHI,0,0,1485,2,0,0,25.015743,0,26945,THA,0,0,1411,3,0,0,21.371664,0,6-2 6-2,0,2,0,12,4,0,0,t,171392,0,67,3,0,42,23,19,14,8,1,1,1,3,50,36,18,6,8,2,6
171116,4107,277,43157,C,t,R32,3,4914,ARG,5,0,49,999,0,0,30.787132,188,5658,POR,0,0,102,558,0,0,27.258043,178,5-7 7-6(10) 7-6(5),0,2,1,17,19,2,0,t,171116,0,179,6,4,128,81,57,28,18,6,9,5,2,115,76,60,18,18,0,2
171429,4111,272,43199,C,f,R32,3,4291,TUN,0,WC,91,638,0,0,34.21766,185,5902,HUN,0,0,61,864,0,0,26.16564,188,1-6 6-4 6-2,0,2,1,13,12,0,0,t,171429,0,128,1,1,86,41,24,19,12,10,16,2,7,85,39,23,19,13,5,12
171474,4112,259,43206,C,f,R64,3,4259,GER,0,0,40,1230,0,0,34.499657,178,5801,USA,0,0,47,1033,0,0,26.735113,188,6-2 6-2,0,2,0,12,4,0,0,t,171474,0,70,4,1,53,34,26,11,8,1,1,0,1,49,29,17,6,8,2,6
171448,4111,291,43199,C,f,R16,3,5918,GEO,0,0,86,655,0,0,26.124573,185,4466,ALG,0,WC,617,43,0,0,33.295002,185,7-6(5) 5-7 6-3,0,2,1,17,16,1,0,t,171448,0,151,3,10,118,73,49,19,17,5,9,3,9,117,52,38,29,16,14,18
171393,4095,17802,43197,C,f,RR,3,6383,THA,0,0,433,87,0,0,22.984257,0,45282,PHI,0,0,0,0,0,0,18.770704,0,6-3 6-4,0,2,0,12,7,0,0,t,171393,0,70,14,0,56,30,25,18,10,3,3,1,0,57,42,29,6,9,4,6
171425,4110,299,43199,C,f,SF,3,5438,USA,6,0,51,975,0,0,28.290213,188,26006,USA,0,0,72,744,0,0,20.44627,193,7-5 6-7(4) 6-2,0,2,1,19,13,0,1,t,171425,0,142,8,4,101,60,46,23,16,3,4,5,3,114,78,52,18,16,11,15
170843,4097,296,43136,C,f,QF,3,6134,ESP,0,Q,107,523,0,0,24.873375,183,11769,CHI,8,0,95,557,0,0,22.321697,0,3-6 6-2 7-6(5),0,2,1,15,14,1,0,t,170843,0,114,4,9,81,52,43,16,14,1,2,14,6,105,69,52,16,15,4,6
171449,4111,292,43199,C,f,R16,3,4664,ESP,0,PR,355,126,0,0,32.208076,180,5056,ITA,0,Q,221,246,0,0,30.283367,0,6-0 6-2,0,2,0,12,2,0,0,t,171449,0,69,1,0,39,30,22,8,7,0,0,1,1,56,35,18,7,7,2,7
170687,4093,602,43133,C,f,RR,3,5919,ECU,0,0,281,176,0,0,25.932922,0,6160,CHI,0,0,405,96,0,0,24.758385,0,6-3 6-7(11) 6-3,0,2,1,18,12,0,1,t,170687,0,156,0,1,111,76,56,21,15,4,5,3,6,101,58,44,23,15,6,9
171462,4112,243,43206,C,f,R64,3,6407,RUS,0,0,49,984,0,0,22.176592,198,5902,HUN,0,0,59,864,0,0,26.184805,188,6-7(4) 6-2 7-5,0,2,1,19,13,0,1,t,171462,0,165,2,2,117,65,47,30,16,7,8,1,6,115,55,39,31,16,10,14
171112,4107,272,43157,C,t,R32,3,4198,ESP,0,0,67,780,0,0,34.732376,188,5577,AUT,0,0,109,525,0,0,27.624914,0,6-4 3-6 6-3,0,2,1,15,13,0,0,t,171112,0,123,3,9,90,59,38,13,14,5,9,7,1,84,53,36,10,14,3,8
170842,4097,295,43136,C,f,QF,3,6315,BRA,0,0,118,495,0,0,23.685146,183,4789,FRA,3,0,43,1130,0,0,31.430527,193,6-4 2-6 6-4,0,2,1,14,14,0,0,t,170842,0,110,6,1,80,43,32,25,14,3,5,11,11,84,51,40,17,14,2,4
171419,4110,293,43199,C,f,R16,3,4544,USA,1,0,9,3125,0,0,32.95277,206,5953,SUI,0,0,143,396,0,0,26.023272,0,6-4 6-2,0,2,0,12,6,0,0,t,171419,0,65,13,0,45,30,28,9,9,0,0,5,4,63,35,22,14,9,7,10
170831,4097,283,43136,C,f,R32,3,44668,FRA,0,WC,152,361,0,0,18.800821,178,4628,ESP,0,0,131,446,0,0,32.273785,0,6-4 6-7(5) 6-2,0,2,1,18,12,0,1,t,170831,0,156,9,5,88,46,36,22,15,2,4,1,6,118,71,47,19,15,10,15
171462,4112,243,43206,C,f,R64,3,6407,RUS,0,0,49,984,0,0,22.176592,198,5902,HUN,0,0,59,864,0,0,26.184805,188,6-7(4) 6-2 7-5,0,2,1,19,13,0,1,t,171462,0,165,2,2,117,65,47,30,16,7,8,1,6,115,55,39,31,16,10,14
171414,4110,288,43199,C,f,R16,3,6387,AUS,4,0,24,1675,0,0,22.951403,193,6202,USA,0,0,108,531,0,0,24.722792,0,6-7(2) 6-1 6-2,0,2,1,18,9,0,1,t,171414,0,92,21,8,99,53,41,27,14,2,2,9,7,76,45,34,14,13,3,7
170891,4099,290,43143,C,f,R16,3,4789,FRA,0,0,43,1175,0,0,31.449692,193,5571,SRB,0,0,88,652,0,0,27.622177,180,6-4 6-3,0,2,0,12,7,0,0,t,170891,0,81,1,2,66,56,32,5,10,2,5,1,1,69,47,25,8,9,6,11
170735,4094,5404,43133,C,f,R16,3,6339,SRB,0,0,230,227,0,0,23.405886,0,5438,USA,0,0,50,975,0,0,28.098562,188,6-1 7-5,0,2,0,13,6,0,0,t,170735,0,57,5,2,58,42,34,9,10,2,3,6,1,48,23,15,12,9,3,7
171425,4110,299,43199,C,f,SF,3,5438,USA,6,0,51,975,0,0,28.290213,188,26006,USA,0,0,72,744,0,0,20.44627,193,7-5 6-7(4) 6-2,0,2,1,19,13,0,1,t,171425,0,142,8,4,101,60,46,23,16,3,4,5,3,114,78,52,18,16,11,15
171338,4093,12305,43196,C,f,RR,3,5792,BIH,0,0,95,623,0,0,26.724161,0,6061,SVK,0,0,138,412,0,0,25.407255,0,7-6(0) 2-6 6-3,0,2,1,14,15,1,0,t,171338,0,123,9,0,84,53,40,15,15,1,5,4,3,95,65,41,16,14,6,9
171436,4111,279,43199,C,f,R32,3,5303,POR,0,0,70,760,0,0,29.026693,185,23912,ESP,0,Q,228,240,0,0,20.952772,0,7-5 7-5,0,2,0,14,10,0,0,t,171436,0,110,2,3,72,39,27,17,12,3,7,0,7,79,45,29,11,12,7,13
171137,4107,300,43157,C,t,F,3,4921,ITA,2,0,20,1985,0,0,30.762491,178,11769,CHI,0,0,73,728,0,0,22.379192,0,1-6 6-1 6-4,0,2,1,13,11,0,0,t,171137,0,93,2,0,72,49,30,14,12,5,8,6,2,73,45,31,11,12,4,8
170898,4099,297,43143,C,f,QF,3,6219,AUT,1,0,6,4060,0,0,24.443531,185,5539,ARG,0,0,59,864,0,0,27.742641,185,7-6(7) 6-4,0,2,0,12,10,1,0,t,170898,0,108,3,1,72,54,38,9,11,2,4,4,0,80,54,35,12,11,9,12
171330,4093,11504,43196,C,f,RR,3,6029,ARG,0,0,15,2220,0,0,25.626284,170,11769,CHI,0,0,64,822,0,0,22.475018,0,6-4 6-4,0,2,0,12,8,0,0,t,171330,0,97,0,2,78,49,31,13,10,6,9,1,1,69,44,20,14,10,5,10
171460,4112,241,43206,C,f,R64,3,5670,CAN,14,0,22,1765,0,0,27.301847,196,44855,MON,0,WC,365,122,0,0,21.637236,0,3-6 6-2 6-3,0,2,1,15,11,0,0,t,171460,0,129,22,3,72,51,42,11,13,0,1,2,8,107,57,39,22,13,8,11
171453,4111,296,43199,C,f,QF,3,5303,POR,0,0,70,760,0,0,29.026693,185,5918,GEO,0,0,86,655,0,0,26.124573,185,6-2 4-6 6-1,0,2,1,16,9,0,0,t,171453,0,103,6,3,80,49,30,20,13,4,7,1,3,80,42,19,20,12,7,13
171130,4107,293,43157,C,t,R16,3,5070,ESP,1,0,22,1850,0,0,30.110884,188,6091,BRA,0,Q,225,237,0,0,25.155373,0,6-3 6-4,0,2,0,12,7,0,0,t,171130,0,91,14,4,66,39,36,9,10,4,4,4,2,60,43,27,10,9,2,4
170896,4099,295,43143,C,f,QF,3,5370,SLO,0,0,51,968,0,0,28.57221,181,6029,ARG,5,0,24,1810,0,0,25.492128,170,6-4 6-4,0,2,0,12,8,0,0,t,170896,0,97,5,1,66,42,30,11,10,8,10,0,3,65,39,23,13,10,2,6
171040,4104,292,43150,C,f,R16,3,6029,ARG,6,0,23,1810,0,0,25.511293,170,5630,ARG,0,0,63,825,0,0,27.37577,190,6-2 6-3,0,2,0,12,5,0,0,t,171040,0,76,1,1,49,28,21,7,9,3,6,2,5,54,26,13,8,8,3,9
170876,4099,272,43143,C,f,R32,3,5630,ARG,0,0,70,755,0,0,27.356606,190,4252,GER,0,0,71,739,0,0,34.35729,190,7-6(4) 6-4,0,2,0,12,10,1,0,t,170876,0,95,3,4,76,45,27,18,11,4,8,0,2,71,43,24,15,11,2,7
171432,4111,275,43199,C,f,R32,3,4198,ESP,0,0,67,787,0,0,34.847366,188,23754,FRA,0,Q,135,418,0,0,23.195072,0,6-2 6-2,0,2,0,12,4,0,0,t,171432,0,76,3,1,41,27,17,12,8,0,1,3,7,64,34,23,7,8,8,13
170888,4099,287,43143,C,f,R16,3,5630,ARG,0,0,70,755,0,0,27.356606,190,5658,POR,0,LL,114,502,0,0,27.219713,178,7-6(5) 7-6(6),0,2,0,12,12,2,0,t,170888,0,139,1,4,81,51,41,15,12,4,5,1,2,101,61,43,21,12,3,4
171450,4111,293,43199,C,f,R16,3,6058,RUS,0,Q,160,349,0,0,25.448322,0,5070,ESP,1,0,23,1745,0,0,30.225872,188,7-6(4) 6-2,0,2,0,12,8,1,0,t,171450,0,117,0,3,79,49,33,13,10,5,8,2,1,75,42,26,11,10,4,9
171116,4107,277,43157,C,t,R32,3,4914,ARG,5,0,49,999,0,0,30.787132,188,5658,POR,0,0,102,558,0,0,27.258043,178,5-7 7-6(10) 7-6(5),0,2,1,17,19,2,0,t,171116,0,179,6,4,128,81,57,28,18,6,9,5,2,115,76,60,18,18,0,2
171122,4107,284,43157,C,t,R32,3,6091,BRA,0,Q,225,237,0,0,25.155373,0,6315,BRA,0,WC,125,458,0,0,23.742641,183,6-3 1-6 7-5,0,2,1,14,14,0,0,t,171122,0,132,14,6,86,53,41,13,14,4,7,9,3,95,58,41,20,14,14,17
170889,4099,288,43143,C,f,R16,3,5370,SLO,0,0,51,968,0,0,28.57221,181,5070,ESP,3,0,20,1985,0,0,30.072554,188,3-6 7-5 6-1,0,2,1,16,12,0,0,t,170889,0,130,19,2,77,42,37,19,14,4,5,5,2,91,63,44,14,14,6,9
171395,4095,18005,43197,C,f,RR,3,51755,THA,0,0,1378,3,0,0,18.324436,0,45282,PHI,0,0,0,0,0,0,18.770704,0,6-4 6-3,0,2,0,12,7,0,0,t,171395,0,71,2,2,55,27,19,20,10,0,1,0,0,54,32,19,13,9,3,6
171442,4111,285,43199,C,f,R32,3,5070,ESP,1,0,23,1745,0,0,30.225872,188,44534,MAR,0,WC,727,27,0,0,20.57495,0,6-1 6-2,0,2,0,12,3,0,0,t,171442,0,68,3,1,39,22,20,9,7,0,0,1,3,53,36,19,6,8,5,10
171027,4104,279,43150,C,f,R32,3,5658,POR,0,LL,114,518,0,0,27.238878,178,5539,ARG,0,0,55,905,0,0,27.761806,185,6-4 5-7 7-5,0,2,1,18,16,0,0,t,171027,0,172,4,5,108,56,39,24,17,4,9,3,4,99,57,36,21,17,5,11
171393,4095,17802,43197,C,f,RR,3,6383,THA,0,0,433,87,0,0,22.984257,0,45282,PHI,0,0,0,0,0,0,18.770704,0,6-3 6-4,0,2,0,12,7,0,0,t,171393,0,70,14,0,56,30,25,18,10,3,3,1,0,57,42,29,6,9,4,6
171119,4107,280,43157,C,t,R32,3,4546,ARG,0,0,69,743,0,0,32.835045,188,5057,BRA,0,0,132,418,0,0,30.160164,188,7-6(2) 3-6 6-3,0,2,1,15,15,1,0,t,171119,0,147,7,4,101,64,46,25,15,5,6,8,4,92,56,43,21,15,2,3
171111,4107,271,43157,C,t,R32,3,6235,POR,0,Q,194,279,0,0,24.39425,0,5938,ARG,0,Q,170,321,0,0,25.952087,0,2-6 7-6(6) 7-5,0,2,1,15,17,1,0,t,171111,0,189,1,1,129,91,55,17,16,4,9,0,7,114,67,46,24,16,8,12
171456,4111,299,43199,C,f,SF,3,4664,ESP,0,PR,355,126,0,0,32.208076,180,5303,POR,0,0,70,760,0,0,29.026693,185,6-4 6-4,0,2,0,12,8,0,0,t,171456,0,84,1,1,54,29,21,17,10,2,4,2,3,64,36,25,9,10,4,8
171041,4104,293,43150,C,f,R16,3,4789,FRA,0,0,39,1265,0,0,31.468857,193,5220,CRO,1,0,3,4960,0,0,29.393566,198,6-3 7-6(8),0,2,0,12,9,1,0,t,171041,0,125,8,8,78,46,35,15,10,4,6,2,3,88,41,27,23,11,7,11
171135,4107,298,43157,C,t,SF,3,4921,ITA,2,0,20,1985,0,0,30.762491,178,4654,URU,3,0,31,1470,0,0,32.15332,180,6-4 6-2,0,2,0,12,6,0,0,t,171135,0,71,3,0,52,28,21,17,9,3,3,1,2,56,38,23,10,9,4,7
171446,4111,289,43199,C,f,R16,3,4467,FRA,0,0,71,755,0,0,33.281315,183,6134,ESP,0,0,78,706,0,0,25.045858,183,7-5 6-1,0,2,0,13,6,0,0,t,171446,0,109,3,2,57,35,23,13,10,2,5,1,4,75,40,20,14,9,10,16
171436,4111,279,43199,C,f,R32,3,5303,POR,0,0,70,760,0,0,29.026693,185,23912,ESP,0,Q,228,240,0,0,20.952772,0,7-5 7-5,0,2,0,14,10,0,0,t,171436,0,110,2,3,72,39,27,17,12,3,7,0,7,79,45,29,11,12,7,13
170884,4099,282,43143,C,f,R32,3,4269,ESP,8,0,40,1260,0,0,34.245037,188,6315,BRA,0,SE,96,575,0,0,23.704311,183,6-2 7-5,0,2,0,13,7,0,0,t,170884,0,92,5,0,57,31,23,20,10,1,1,4,2,74,41,28,15,10,9,12
170825,4097,276,43136,C,f,R32,3,5550,ITA,0,LL,159,343,0,0,27.687885,183,5159,CAN,0,0,141,401,0,0,29.64271,180,6-3 6-4,0,2,0,12,7,0,0,t,170825,0,70,4,6,55,32,28,13,10,0,0,3,7,57,23,18,19,9,0,2
170877,4099,273,43143,C,f,R32,3,5658,POR,0,LL,114,502,0,0,27.219713,178,6134,ESP,0,SE,76,728,0,0,24.89254,183,6-2 6-4,0,2,0,12,6,0,0,t,170877,0,87,4,3,56,32,24,11,9,3,4,1,2,59,37,20,12,9,0,4
170826,4097,277,43136,C,f,R32,3,6315,BRA,0,0,118,495,0,0,23.685146,183,4546,ARG,5,0,66,768,0,0,32.77755,188,6-4 7-6(8),0,2,0,12,10,1,0,t,170826,0,99,4,4,71,47,38,15,11,1,1,4,1,67,40,32,18,11,1,2
171398,4095,18304,43197,C,f,RR,3,4654,URU,0,0,41,1210,0,0,32.249146,180,6161,VEN,0,0,834,19,0,0,24.928131,0,6-2 6-1,0,2,0,12,3,0,0,t,171398,0,55,2,0,40,27,20,12,8,0,0,0,0,44,36,18,4,7,7,11
170896,4099,295,43143,C,f,QF,3,5370,SLO,0,0,51,968,0,0,28.57221,181,6029,ARG,5,0,24,1810,0,0,25.492128,170,6-4 6-4,0,2,0,12,8,0,0,t,170896,0,97,5,1,66,42,30,11,10,8,10,0,3,65,39,23,13,10,2,6
171331,4093,11605,43196,C,f,RR,3,5539,ARG,0,0,63,830,0,0,27.876797,185,6412,CHI,0,0,217,256,0,0,21.839836,185,6-3 7-6(3),0,2,0,12,9,1,0,t,171331,0,107,10,1,61,34,22,15,11,3,6,2,2,81,43,25,17,10,5,10
170831,4097,283,43136,C,f,R32,3,44668,FRA,0,WC,152,361,0,0,18.800821,178,4628,ESP,0,0,131,446,0,0,32.273785,0,6-4 6-7(5) 6-2,0,2,1,18,12,0,1,t,170831,0,156,9,5,88,46,36,22,15,2,4,1,6,118,71,47,19,15,10,15
171114,4107,275,43157,C,t,R32,3,23949,AUT,0,Q,143,377,0,0,21.793293,0,6051,ITA,0,0,103,543,0,0,25.407255,185,6-3 6-3,0,2,0,12,6,0,0,t,171114,0,64,10,1,48,33,29,9,9,0,0,2,2,58,32,22,12,9,3,6
170895,4099,294,43143,C,f,QF,3,5630,ARG,0,0,70,755,0,0,27.356606,190,4198,ESP,0,0,69,755,0,0,34.694046,188,6-3 7-5,0,2,0,13,8,0,0,t,170895,0,85,3,1,63,42,28,15,11,3,4,1,0,55,41,27,8,10,1,4
171455,4111,298,43199,C,f,SF,3,6364,GBR,2,0,26,1627,0,0,23.249828,188,4752,FRA,4,0,38,1295,0,0,31.80835,185,6-3 6-4,0,2,0,12,7,0,0,t,171455,0,72,11,0,48,26,20,16,10,1,3,3,6,64,28,14,20,9,2,6
171448,4111,291,43199,C,f,R16,3,5918,GEO,0,0,86,655,0,0,26.124573,185,4466,ALG,0,WC,617,43,0,0,33.295002,185,7-6(5) 5-7 6-3,0,2,1,17,16,1,0,t,171448,0,151,3,10,118,73,49,19,17,5,9,3,9,117,52,38,29,16,14,18
171043,4104,295,43150,C,f,QF,3,4921,ITA,5,0,21,1850,0,0,30.743326,178,5370,SLO,0,0,43,1098,0,0,28.591375,181,6-7(3) 6-3 6-1,0,2,1,18,10,0,1,t,171043,0,154,1,2,102,63,41,27,14,11,12,3,3,108,58,42,19,14,8,13
171395,4095,18005,43197,C,f,RR,3,51755,THA,0,0,1378,3,0,0,18.324436,0,45282,PHI,0,0,0,0,0,0,18.770704,0,6-4 6-3,0,2,0,12,7,0,0,t,171395,0,71,2,2,55,27,19,20,10,0,1,0,0,54,32,19,13,9,3,6
170837,4097,290,43136,C,f,R16,3,11769,CHI,8,0,95,557,0,0,22.321697,0,5868,ITA,0,0,135,442,0,0,26.135523,185,4-6 7-6(5) 6-3,0,2,1,16,15,1,0,t,170837,0,125,9,3,85,50,42,24,15,2,3,10,9,115,53,39,36,16,7,9
170782,4095,10104,43134,C,f,RR,3,6383,THA,0,0,458,78,0,0,22.811773,0,52035,SRI,0,0,0,0,0,0,21.96304,0,7-5 6-0,0,2,0,13,5,0,0,t,170782,0,68,7,7,55,37,30,6,9,3,4,2,7,49,24,16,8,9,1,6
171118,4107,279,43157,C,t,R32,3,6030,ARG,0,0,96,595,0,0,25.530458,0,3607,DOM,0,0,149,357,0,0,37.568787,173,7-6(5) 6-3,0,2,0,12,9,1,0,t,171118,0,111,2,4,85,41,30,22,11,4,6,2,2,71,44,30,11,10,4,7
170881,4099,278,43143,C,f,R32,3,4789,FRA,0,0,43,1175,0,0,31.449692,193,4654,URU,7,0,32,1380,0,0,32.11499,180,6-1 6-4,0,2,0,12,5,0,0,t,170881,0,65,0,2,57,44,33,8,9,2,2,0,1,46,31,17,8,8,0,3
171027,4104,279,43150,C,f,R32,3,5658,POR,0,LL,114,518,0,0,27.238878,178,5539,ARG,0,0,55,905,0,0,27.761806,185,6-4 5-7 7-5,0,2,1,18,16,0,0,t,171027,0,172,4,5,108,56,39,24,17,4,9,3,4,99,57,36,21,17,5,11
171134,4107,297,43157,C,t,QF,3,11769,CHI,0,0,73,728,0,0,22.379192,0,5070,ESP,1,0,22,1850,0,0,30.110884,188,6-7(6) 6-4 7-6(3),0,2,1,18,16,1,1,t,171134,0,166,15,4,121,79,62,25,17,9,10,3,2,109,76,55,21,17,2,4
171020,4104,272,43150,C,f,R32,3,6030,ARG,0,0,86,660,0,0,25.511293,0,3607,DOM,0,0,138,412,0,0,37.549625,173,6-3 6-3,0,2,0,12,6,0,0,t,171020,0,80,1,2,46,28,23,10,9,0,1,2,1,60,33,19,12,9,1,5
171111,4107,271,43157,C,t,R32,3,6235,POR,0,Q,194,279,0,0,24.39425,0,5938,ARG,0,Q,170,321,0,0,25.952087,0,2-6 7-6(6) 7-5,0,2,1,15,17,1,0,t,171111,0,189,1,1,129,91,55,17,16,4,9,0,7,114,67,46,24,16,8,12
171330,4093,11504,43196,C,f,RR,3,6029,ARG,0,0,15,2220,0,0,25.626284,170,11769,CHI,0,0,64,822,0,0,22.475018,0,6-4 6-4,0,2,0,12,8,0,0,t,171330,0,97,0,2,78,49,31,13,10,6,9,1,1,69,44,20,14,10,5,10
171418,4110,292,43199,C,f,R16,3,5438,USA,6,0,51,975,0,0,28.290213,188,26010,USA,0,0,58,893,0,0,20.21629,188,6-3 6-4,0,2,0,12,7,0,0,t,171418,0,77,12,4,67,35,25,19,10,6,7,4,1,52,31,21,10,9,2,5
170841,4097,294,43136,C,f,QF,3,5070,ESP,2,0,21,1925,0,0,30.053389,188,5577,AUT,0,0,98,545,0,0,27.56742,0,6-2 6-4,0,2,0,12,6,0,0,t,170841,0,78,1,2,52,33,28,10,9,1,1,6,4,52,29,24,7,9,2,5
171113,4107,273,43157,C,t,R32,3,5630,ARG,8,0,65,825,0,0,27.394936,190,6134,ESP,0,0,79,683,0,0,24.93087,183,6-4 6-4,0,2,0,12,8,0,0,t,171113,0,98,3,1,66,42,33,13,10,3,3,3,2,66,46,32,8,10,6,8
171135,4107,298,43157,C,t,SF,3,4921,ITA,2,0,20,1985,0,0,30.762491,178,4654,URU,3,0,31,1470,0,0,32.15332,180,6-4 6-2,0,2,0,12,6,0,0,t,171135,0,71,3,0,52,28,21,17,9,3,3,1,2,56,38,23,10,9,4,7
171046,4104,298,43150,C,f,SF,3,4269,ESP,8,0,40,1260,0,0,34.264202,188,4921,ITA,5,0,21,1850,0,0,30.743326,178,6-1 7-5,0,2,0,13,6,0,0,t,171046,0,75,1,4,52,29,22,12,9,3,4,0,2,59,41,22,7,10,1,6
170895,4099,294,43143,C,f,QF,3,5630,ARG,0,0,70,755,0,0,27.356606,190,4198,ESP,0,0,69,755,0,0,34.694046,188,6-3 7-5,0,2,0,13,8,0,0,t,170895,0,85,3,1,63,42,28,15,11,3,4,1,0,55,41,27,8,10,1,4
171394,4095,17904,43197,C,f,RR,3,6383,THA,0,0,433,87,0,0,22.984257,0,6136,PHI,0,0,1485,2,0,0,25.015743,0,6-4 1-6 7-5,0,2,1,14,15,0,0,t,171394,0,139,11,3,83,40,34,21,15,1,3,6,7,106,65,45,23,14,6,8
170735,4094,5404,43133,C,f,R16,3,6339,SRB,0,0,230,227,0,0,23.405886,0,5438,USA,0,0,50,975,0,0,28.098562,188,6-1 7-5,0,2,0,13,6,0,0,t,170735,0,57,5,2,58,42,34,9,10,2,3,6,1,48,23,15,12,9,3,7
171393,4095,17802,43197,C,f,RR,3,6383,THA,0,0,433,87,0,0,22.984257,0,45282,PHI,0,0,0,0,0,0,18.770704,0,6-3 6-4,0,2,0,12,7,0,0,t,171393,0,70,14,0,56,30,25,18,10,3,3,1,0,57,42,29,6,9,4,6
170735,4094,5404,43133,C,f,R16,3,6339,SRB,0,0,230,227,0,0,23.405886,0,5438,USA,0,0,50,975,0,0,28.098562,188,6-1 7-5,0,2,0,13,6,0,0,t,170735,0,57,5,2,58,42,34,9,10,2,3,6,1,48,23,15,12,9,3,7
171033,4104,285,43150,C,f,R32,3,5220,CRO,1,0,3,4960,0,0,29.393566,198,4122,ARG,0,Q,139,410,0,0,35.04449,183,6-3 6-2,0,2,0,12,5,0,0,t,171033,0,79,4,1,54,27,24,15,9,3,3,1,3,55,42,27,3,8,2,5
171040,4104,292,43150,C,f,R16,3,6029,ARG,6,0,23,1810,0,0,25.511293,170,5630,ARG,0,0,63,825,0,0,27.37577,190,6-2 6-3,0,2,0,12,5,0,0,t,171040,0,76,1,1,49,28,21,7,9,3,6,2,5,54,26,13,8,8,3,9
170846,4097,299,43136,C,f,SF,3,6134,ESP,0,Q,107,523,0,0,24.873375,183,5403,SVK,0,Q,156,344,0,0,28.377823,180,4-6 6-3 6-2,0,2,1,16,11,0,0,t,170846,0,146,6,6,93,61,43,16,14,8,11,3,2,89,53,32,15,13,3,8
171393,4095,17802,43197,C,f,RR,3,6383,THA,0,0,433,87,0,0,22.984257,0,45282,PHI,0,0,0,0,0,0,18.770704,0,6-3 6-4,0,2,0,12,7,0,0,t,171393,0,70,14,0,56,30,25,18,10,3,3,1,0,57,42,29,6,9,4,6
170833,4097,286,43136,C,f,R16,3,5070,ESP,2,0,21,1925,0,0,30.053389,188,5919,ECU,0,WC,282,176,0,0,25.952087,0,6-3 3-6 6-3,0,2,1,15,12,0,0,t,170833,0,108,4,2,82,53,41,17,14,1,2,4,2,71,49,35,15,13,3,5
170843,4097,296,43136,C,f,QF,3,6134,ESP,0,Q,107,523,0,0,24.873375,183,11769,CHI,8,0,95,557,0,0,22.321697,0,3-6 6-2 7-6(5),0,2,1,15,14,1,0,t,170843,0,114,4,9,81,52,43,16,14,1,2,14,6,105,69,52,16,15,4,6
171043,4104,295,43150,C,f,QF,3,4921,ITA,5,0,21,1850,0,0,30.743326,178,5370,SLO,0,0,43,1098,0,0,28.591375,181,6-7(3) 6-3 6-1,0,2,1,18,10,0,1,t,171043,0,154,1,2,102,63,41,27,14,11,12,3,3,108,58,42,19,14,8,13
170831,4097,283,43136,C,f,R32,3,44668,FRA,0,WC,152,361,0,0,18.800821,178,4628,ESP,0,0,131,446,0,0,32.273785,0,6-4 6-7(5) 6-2,0,2,1,18,12,0,1,t,170831,0,156,9,5,88,46,36,22,15,2,4,1,6,118,71,47,19,15,10,15
170783,4095,10205,43134,C,f,RR,3,26945,THA,0,0,1408,3,0,0,21.199179,0,47243,SRI,0,0,1674,1,0,0,22.576317,0,7-5 6-2,0,2,0,13,7,0,0,t,170783,0,80,3,3,57,42,34,7,10,0,0,4,1,56,39,24,12,10,2,5
170687,4093,602,43133,C,f,RR,3,5919,ECU,0,0,281,176,0,0,25.932922,0,6160,CHI,0,0,405,96,0,0,24.758385,0,6-3 6-7(11) 6-3,0,2,1,18,12,0,1,t,170687,0,156,0,1,111,76,56,21,15,4,5,3,6,101,58,44,23,15,6,9
171018,4104,270,43150,C,f,R32,3,6219,AUT,2,0,6,4220,0,0,24.462696,185,5571,SRB,0,0,84,666,0,0,27.641342,180,6-2 7-5,0,2,0,13,7,0,0,t,171018,0,77,2,2,56,30,24,17,10,2,3,1,1,58,36,19,13,10,7,11
170838,4097,291,43136,C,f,R16,3,6134,ESP,0,Q,107,523,0,0,24.873375,183,3893,ITA,4,0,46,1085,0,0,36.14237,183,7-6(4) 7-5,0,2,0,13,11,1,0,t,170838,0,117,0,2,77,44,33,18,12,3,5,6,3,64,30,26,19,12,3,6
171044,4104,296,43150,C,f,QF,3,11769,CHI,0,0,94,596,0,0,22.360027,0,4654,URU,7,0,33,1380,0,0,32.134155,180,7-5 6-3,0,2,0,13,8,0,0,t,171044,0,83,4,2,72,50,35,14,11,4,4,2,3,54,36,27,10,10,2,4
170833,4097,286,43136,C,f,R16,3,5070,ESP,2,0,21,1925,0,0,30.053389,188,5919,ECU,0,WC,282,176,0,0,25.952087,0,6-3 3-6 6-3,0,2,1,15,12,0,0,t,170833,0,108,4,2,82,53,41,17,14,1,2,4,2,71,49,35,15,13,3,5
170836,4097,289,43136,C,f,R16,3,6315,BRA,0,0,118,495,0,0,23.685146,183,5550,ITA,0,LL,159,343,0,0,27.687885,183,7-6(4) 4-6 7-5,0,2,1,17,17,1,0,t,170836,0,219,4,3,123,72,55,27,17,11,13,10,6,100,60,43,25,17,7,9
170829,4097,280,43136,C,f,R32,3,6134,ESP,0,Q,107,523,0,0,24.873375,183,5929,ITA,0,Q,247,211,0,0,25.92197,0,7-6(5) 6-3,0,2,0,12,9,1,0,t,170829,0,109,2,4,66,38,28,17,10,2,3,2,7,76,42,30,16,11,8,11
171029,4104,281,43150,C,f,R32,3,5070,ESP,4,0,19,1985,0,0,30.091719,188,4296,BRA,0,0,106,531,0,0,34.045174,178,6-3 3-6 6-4,0,2,1,15,13,0,0,t,171029,0,147,2,2,87,52,37,17,14,4,7,3,4,86,48,36,17,14,4,8
170735,4094,5404,43133,C,f,R16,3,6339,SRB,0,0,230,227,0,0,23.405886,0,5438,USA,0,0,50,975,0,0,28.098562,188,6-1 7-5,0,2,0,13,6,0,0,t,170735,0,57,5,2,58,42,34,9,10,2,3,6,1,48,23,15,12,9,3,7
170881,4099,278,43143,C,f,R32,3,4789,FRA,0,0,43,1175,0,0,31.449692,193,4654,URU,7,0,32,1380,0,0,32.11499,180,6-1 6-4,0,2,0,12,5,0,0,t,170881,0,65,0,2,57,44,33,8,9,2,2,0,1,46,31,17,8,8,0,3
171025,4104,277,43150,C,f,R32,3,4921,ITA,5,0,21,1850,0,0,30.743326,178,5057,BRA,0,WC,123,463,0,0,30.140999,188,6-7(5) 7-5 6-2,0,2,1,19,13,0,1,t,171025,0,170,4,10,98,60,39,16,16,2,7,3,2,122,69,41,20,16,15,23
170879,4099,276,43143,C,f,R32,3,5057,BRA,0,Q,137,431,0,0,30.121834,188,6384,ARG,0,WC,276,183,0,0,22.839151,0,6-2 6-1,0,2,0,12,3,0,0,t,170879,0,57,0,1,40,24,19,10,7,0,0,0,4,43,27,13,4,8,1,6
170878,4099,275,43143,C,f,R32,3,5370,SLO,0,0,51,968,0,0,28.57221,181,6196,CZE,0,0,60,850,0,0,24.594114,198,6-0 6-3,0,2,0,12,3,0,0,t,170878,0,62,8,0,38,23,19,8,7,1,2,1,4,52,30,15,6,8,7,13
171022,4104,274,43150,C,f,R32,3,5793,ESP,3,0,11,2660,0,0,26.60917,188,6051,ITA,0,Q,102,543,0,0,25.38809,185,6-4 6-1,0,2,0,12,5,0,0,t,171022,0,63,0,2,53,41,29,6,8,4,5,2,1,54,36,22,3,9,6,11
170827,4097,278,43136,C,f,R32,3,11769,CHI,8,0,95,557,0,0,22.321697,0,5476,ARG,0,Q,195,275,0,0,27.939768,183,6-7(4) 6-2 7-6(5),0,2,1,18,14,1,1,t,170827,0,130,10,11,115,71,57,23,16,5,5,3,4,96,65,47,21,16,4,6
171113,4107,273,43157,C,t,R32,3,5630,ARG,8,0,65,825,0,0,27.394936,190,6134,ESP,0,0,79,683,0,0,24.93087,183,6-4 6-4,0,2,0,12,8,0,0,t,171113,0,98,3,1,66,42,33,13,10,3,3,3,2,66,46,32,8,10,6,8
171116,4107,277,43157,C,t,R32,3,4914,ARG,5,0,49,999,0,0,30.787132,188,5658,POR,0,0,102,558,0,0,27.258043,178,5-7 7-6(10) 7-6(5),0,2,1,17,19,2,0,t,171116,0,179,6,4,128,81,57,28,18,6,9,5,2,115,76,60,18,18,0,2
170896,4099,295,43143,C,f,QF,3,5370,SLO,0,0,51,968,0,0,28.57221,181,6029,ARG,5,0,24,1810,0,0,25.492128,170,6-4 6-4,0,2,0,12,8,0,0,t,170896,0,97,5,1,66,42,30,11,10,8,10,0,3,65,39,23,13,10,2,6
171116,4107,277,43157,C,t,R32,3,4914,ARG,5,0,49,999,0,0,30.787132,188,5658,POR,0,0,102,558,0,0,27.258043,178,5-7 7-6(10) 7-6(5),0,2,1,17,19,2,0,t,171116,0,179,6,4,128,81,57,28,18,6,9,5,2,115,76,60,18,18,0,2
170828,4097,279,43136,C,f,R32,3,5868,ITA,0,0,135,442,0,0,26.135523,185,4664,ESP,0,PR,1753,1,0,0,32.03559,180,6-4 5-7 7-5,0,2,1,18,16,0,0,t,170828,0,142,14,6,114,53,44,32,17,5,7,2,5,98,59,40,22,17,4,7
171041,4104,293,43150,C,f,R16,3,4789,FRA,0,0,39,1265,0,0,31.468857,193,5220,CRO,1,0,3,4960,0,0,29.393566,198,6-3 7-6(8),0,2,0,12,9,1,0,t,171041,0,125,8,8,78,46,35,15,10,4,6,2,3,88,41,27,23,11,7,11
170825,4097,276,43136,C,f,R32,3,5550,ITA,0,LL,159,343,0,0,27.687885,183,5159,CAN,0,0,141,401,0,0,29.64271,180,6-3 6-4,0,2,0,12,7,0,0,t,170825,0,70,4,6,55,32,28,13,10,0,0,3,7,57,23,18,19,9,0,2
171116,4107,277,43157,C,t,R32,3,4914,ARG,5,0,49,999,0,0,30.787132,188,5658,POR,0,0,102,558,0,0,27.258043,178,5-7 7-6(10) 7-6(5),0,2,1,17,19,2,0,t,171116,0,179,6,4,128,81,57,28,18,6,9,5,2,115,76,60,18,18,0,2
170890,4099,289,43143,C,f,R16,3,6029,ARG,5,0,24,1810,0,0,25.492128,170,5057,BRA,0,Q,137,431,0,0,30.121834,188,3-6 6-3 6-2,0,2,1,15,11,0,0,t,170890,0,109,3,3,75,51,37,10,13,3,6,4,4,83,47,30,17,13,8,13
171035,4104,287,43150,C,f,R16,3,4269,ESP,8,0,40,1260,0,0,34.264202,188,6030,ARG,0,0,86,660,0,0,25.511293,0,6-7(3) 6-2 6-0,0,2,1,18,8,0,1,t,171035,0,126,7,3,92,64,44,13,13,4,5,3,6,84,52,32,10,13,3,9
170892,4099,291,43143,C,f,R16,3,4914,ARG,0,0,50,974,0,0,30.748802,188,4921,ITA,4,0,22,1850,0,0,30.724161,178,6-3 6-3,0,2,0,12,6,0,0,t,170892,0,73,4,0,50,32,26,10,9,2,3,2,2,57,38,22,9,9,2,6
170824,4097,275,43136,C,f,R32,3,34553,NOR,0,0,122,476,0,0,19.123888,183,4122,ARG,0,0,119,494,0,0,35.00616,183,7-5 6-0,0,2,0,13,5,0,0,t,170824,0,92,4,4,56,37,30,9,9,0,0,3,5,59,32,19,12,9,5,9
171042,4104,294,43150,C,f,QF,3,4269,ESP,8,0,40,1260,0,0,34.264202,188,6219,AUT,2,0,6,4220,0,0,24.462696,185,6-4 6-0,0,2,0,12,4,0,0,t,171042,0,86,4,2,60,37,31,9,8,4,4,6,3,64,39,22,9,8,9,13
170825,4097,276,43136,C,f,R32,3,5550,ITA,0,LL,159,343,0,0,27.687885,183,5159,CAN,0,0,141,401,0,0,29.64271,180,6-3 6-4,0,2,0,12,7,0,0,t,170825,0,70,4,6,55,32,28,13,10,0,0,3,7,57,23,18,19,9,0,2
170685,4093,405,43133,C,f,RR,3,10580,AUT,0,0,200,266,0,0,24.421629,0,6124,BLR,0,0,426,88,0,0,24.90349,0,7-6(1) 6-0,0,2,0,12,6,1,0,t,170685,0,64,4,3,54,34,28,12,9,1,2,4,2,61,42,25,7,9,5,9
171043,4104,295,43150,C,f,QF,3,4921,ITA,5,0,21,1850,0,0,30.743326,178,5370,SLO,0,0,43,1098,0,0,28.591375,181,6-7(3) 6-3 6-1,0,2,1,18,10,0,1,t,171043,0,154,1,2,102,63,41,27,14,11,12,3,3,108,58,42,19,14,8,13
170826,4097,277,43136,C,f,R32,3,6315,BRA,0,0,118,495,0,0,23.685146,183,4546,ARG,5,0,66,768,0,0,32.77755,188,6-4 7-6(8),0,2,0,12,10,1,0,t,170826,0,99,4,4,71,47,38,15,11,1,1,4,1,67,40,32,18,11,1,2
170901,4099,300,43143,C,f,F,3,6219,AUT,1,0,6,4060,0,0,24.443531,185,5370,SLO,0,0,51,968,0,0,28.57221,181,6-2 6-4,0,2,0,12,6,0,0,t,170901,0,90,3,1,59,36,25,15,9,2,2,3,3,62,30,19,14,9,6,9
170830,4097,282,43136,C,f,R32,3,3333,CRO,7,0,90,615,0,0,38.937714,208,23847,USA,0,0,133,444,0,0,21.59069,0,6-4 6-7(6) 7-6(4),0,2,1,18,16,1,1,t,170830,0,129,24,10,98,56,53,26,17,0,0,16,5,97,56,49,26,17,1,2
171040,4104,292,43150,C,f,R16,3,6029,ARG,6,0,23,1810,0,0,25.511293,170,5630,ARG,0,0,63,825,0,0,27.37577,190,6-2 6-3,0,2,0,12,5,0,0,t,171040,0,76,1,1,49,28,21,7,9,3,6,2,5,54,26,13,8,8,3,9
170683,4093,202,43133,C,f,RR,3,6219,AUT,0,0,6,4060,0,0,24.405203,185,5291,BLR,0,0,389,106,0,0,28.914442,0,6-3 6-3,0,2,0,12,6,0,0,t,170683,0,73,5,1,56,38,28,12,9,2,2,4,2,58,31,23,11,9,1,4
170828,4097,279,43136,C,f,R32,3,5868,ITA,0,0,135,442,0,0,26.135523,185,4664,ESP,0,PR,1753,1,0,0,32.03559,180,6-4 5-7 7-5,0,2,1,18,16,0,0,t,170828,0,142,14,6,114,53,44,32,17,5,7,2,5,98,59,40,22,17,4,7
170847,4097,300,43136,C,f,F,3,6134,ESP,0,Q,107,523,0,0,24.873375,183,5070,ESP,2,0,21,1925,0,0,30.053389,188,6-3 4-6 6-4,0,2,1,16,13,0,0,t,170847,0,147,5,3,81,53,43,17,15,3,5,4,5,97,55,38,19,14,8,11
170826,4097,277,43136,C,f,R32,3,6315,BRA,0,0,118,495,0,0,23.685146,183,4546,ARG,5,0,66,768,0,0,32.77755,188,6-4 7-6(8),0,2,0,12,10,1,0,t,170826,0,99,4,4,71,47,38,15,11,1,1,4,1,67,40,32,18,11,1,2
170686,4093,501,43133,C,f,RR,3,11769,CHI,0,0,95,557,0,0,22.302532,0,5104,ECU,0,0,597,48,0,0,29.905544,0,6-2 6-3,0,2,0,12,5,0,0,t,170686,0,60,10,2,43,32,30,6,9,0,0,5,1,57,39,22,7,8,2,5
170821,4097,271,43136,C,f,R32,3,5919,ECU,0,WC,282,176,0,0,25.952087,0,5856,GER,0,0,113,504,0,0,26.231348,193,7-6(5) 6-3,0,2,0,12,9,1,0,t,170821,0,79,0,2,72,41,26,20,10,0,1,5,3,68,45,33,10,11,0,3
170882,4099,279,43143,C,f,R32,3,5571,SRB,0,0,88,652,0,0,27.622177,180,5476,ARG,0,Q,190,287,0,0,27.958933,183,7-6(4) 6-1,0,2,0,12,7,1,0,t,170882,0,84,4,2,72,50,34,14,10,5,6,1,3,64,43,26,11,9,4,7
171026,4104,278,43150,C,f,R32,3,4654,URU,7,0,33,1380,0,0,32.134155,180,6315,BRA,0,WC,104,540,0,0,23.723476,183,6-7(5) 7-6(10) 6-3,0,2,1,18,15,1,1,t,171026,0,161,11,7,108,60,48,22,17,3,7,9,2,100,64,44,15,16,1,6
170824,4097,275,43136,C,f,R32,3,34553,NOR,0,0,122,476,0,0,19.123888,183,4122,ARG,0,0,119,494,0,0,35.00616,183,7-5 6-0,0,2,0,13,5,0,0,t,170824,0,92,4,4,56,37,30,9,9,0,0,3,5,59,32,19,12,9,5,9
170889,4099,288,43143,C,f,R16,3,5370,SLO,0,0,51,968,0,0,28.57221,181,5070,ESP,3,0,20,1985,0,0,30.072554,188,3-6 7-5 6-1,0,2,1,16,12,0,0,t,170889,0,130,19,2,77,42,37,19,14,4,5,5,2,91,63,44,14,14,6,9
170894,4099,293,43143,C,f,R16,3,6219,AUT,1,0,6,4060,0,0,24.443531,185,4546,ARG,0,0,66,768,0,0,32.796715,188,6-4 6-3,0,2,0,12,7,0,0,t,170894,0,89,4,1,53,41,29,9,9,1,1,2,0,70,50,32,8,10,7,10
170835,4097,288,43136,C,f,R16,3,4789,FRA,3,0,43,1130,0,0,31.430527,193,34553,NOR,0,0,122,476,0,0,19.123888,183,6-4 3-6 6-4,0,2,1,15,14,0,0,t,170835,0,108,6,11,84,49,41,15,14,5,7,2,5,91,58,38,19,15,4,7
170750,4095,6901,43134,C,f,RR,3,4466,ALG,0,0,591,49,0,0,33.103355,185,6092,GEO,0,0,1082,8,0,0,25.073238,0,6-3 6-3,0,2,0,12,6,0,0,t,170750,0,74,2,4,64,36,26,12,9,7,9,3,5,81,50,28,12,9,13,18
170887,4099,286,43143,C,f,R16,3,4198,ESP,0,0,69,755,0,0,34.694046,188,5793,ESP,2,0,10,2705,0,0,26.590008,188,7-6(5) 1-6 7-6(6),0,2,1,13,18,2,0,t,170887,0,161,4,7,106,70,45,14,15,3,9,3,3,133,86,52,26,16,10,14
170688,4093,704,43133,C,f,RR,3,11769,CHI,0,0,95,557,0,0,22.302532,0,5919,ECU,0,0,281,176,0,0,25.932922,0,6-4 7-6(6),0,2,0,12,10,1,0,t,170688,0,83,7,2,62,33,28,22,11,0,0,2,2,63,37,31,14,11,0,1
170889,4099,288,43143,C,f,R16,3,5370,SLO,0,0,51,968,0,0,28.57221,181,5070,ESP,3,0,20,1985,0,0,30.072554,188,3-6 7-5 6-1,0,2,1,16,12,0,0,t,170889,0,130,19,2,77,42,37,19,14,4,5,5,2,91,63,44,14,14,6,9
170840,4097,293,43136,C,f,R16,3,5403,SVK,0,Q,156,344,0,0,28.377823,180,5793,ESP,1,0,10,2705,0,0,26.570843,188,6-4 6-2,0,2,0,12,6,0,0,t,170840,0,65,2,3,47,28,25,10,9,2,3,0,5,51,33,22,6,9,2,6
170827,4097,278,43136,C,f,R32,3,11769,CHI,8,0,95,557,0,0,22.321697,0,5476,ARG,0,Q,195,275,0,0,27.939768,183,6-7(4) 6-2 7-6(5),0,2,1,18,14,1,1,t,170827,0,130,10,11,115,71,57,23,16,5,5,3,4,96,65,47,21,16,4,6
170843,4097,296,43136,C,f,QF,3,6134,ESP,0,Q,107,523,0,0,24.873375,183,11769,CHI,8,0,95,557,0,0,22.321697,0,3-6 6-2 7-6(5),0,2,1,15,14,1,0,t,170843,0,114,4,9,81,52,43,16,14,1,2,14,6,105,69,52,16,15,4,6
170821,4097,271,43136,C,f,R32,3,5919,ECU,0,WC,282,176,0,0,25.952087,0,5856,GER,0,0,113,504,0,0,26.231348,193,7-6(5) 6-3,0,2,0,12,9,1,0,t,170821,0,79,0,2,72,41,26,20,10,0,1,5,3,68,45,33,10,11,0,3
171022,4104,274,43150,C,f,R32,3,5793,ESP,3,0,11,2660,0,0,26.60917,188,6051,ITA,0,Q,102,543,0,0,25.38809,185,6-4 6-1,0,2,0,12,5,0,0,t,171022,0,63,0,2,53,41,29,6,8,4,5,2,1,54,36,22,3,9,6,11
170899,4099,298,43143,C,f,SF,3,5370,SLO,0,0,51,968,0,0,28.57221,181,5630,ARG,0,0,70,755,0,0,27.356606,190,6-4 2-6 6-1,0,2,1,14,11,0,0,t,170899,0,116,15,1,72,49,32,12,12,1,4,1,3,77,45,27,17,13,4,9
170735,4094,5404,43133,C,f,R16,3,6339,SRB,0,0,230,227,0,0,23.405886,0,5438,USA,0,0,50,975,0,0,28.098562,188,6-1 7-5,0,2,0,13,6,0,0,t,170735,0,57,5,2,58,42,34,9,10,2,3,6,1,48,23,15,12,9,3,7
170897,4099,296,43143,C,f,QF,3,4789,FRA,0,0,43,1175,0,0,31.449692,193,4914,ARG,0,0,50,974,0,0,30.748802,188,6-4 3-6 6-3,0,2,1,15,13,0,0,t,170897,0,122,3,0,84,62,40,15,14,3,5,4,8,87,52,36,20,14,3,6
170880,4099,277,43143,C,f,R32,3,6029,ARG,5,0,24,1810,0,0,25.492128,170,4887,AUT,0,PR,418,91,0,0,30.896646,190,6-4 6-3,0,2,0,12,7,0,0,t,170880,0,81,3,2,59,36,23,11,9,2,4,3,3,57,34,18,10,10,2,7
170841,4097,294,43136,C,f,QF,3,5070,ESP,2,0,21,1925,0,0,30.053389,188,5577,AUT,0,0,98,545,0,0,27.56742,0,6-2 6-4,0,2,0,12,6,0,0,t,170841,0,78,1,2,52,33,28,10,9,1,1,6,4,52,29,24,7,9,2,5
170880,4099,277,43143,C,f,R32,3,6029,ARG,5,0,24,1810,0,0,25.492128,170,4887,AUT,0,PR,418,91,0,0,30.896646,190,6-4 6-3,0,2,0,12,7,0,0,t,170880,0,81,3,2,59,36,23,11,9,2,4,3,3,57,34,18,10,10,2,7
170781,4095,10002,43134,C,f,RR,3,6383,THA,0,0,458,78,0,0,22.811773,0,47243,SRI,0,0,1674,1,0,0,22.576317,0,6-3 6-3,0,2,0,12,6,0,0,t,170781,0,80,10,5,48,27,25,12,9,1,1,6,2,55,35,21,10,9,3,6
170891,4099,290,43143,C,f,R16,3,4789,FRA,0,0,43,1175,0,0,31.449692,193,5571,SRB,0,0,88,652,0,0,27.622177,180,6-4 6-3,0,2,0,12,7,0,0,t,170891,0,81,1,2,66,56,32,5,10,2,5,1,1,69,47,25,8,9,6,11
170685,4093,405,43133,C,f,RR,3,10580,AUT,0,0,200,266,0,0,24.421629,0,6124,BLR,0,0,426,88,0,0,24.90349,0,7-6(1) 6-0,0,2,0,12,6,1,0,t,170685,0,64,4,3,54,34,28,12,9,1,2,4,2,61,42,25,7,9,5,9
170737,4095,5602,43134,C,f,RR,3,22510,PER,0,0,482,73,0,0,22.316221,0,5149,BOL,0,0,590,50,0,0,29.66735,0,7-6(8) 6-4,0,2,0,12,10,1,0,t,170737,0,99,19,4,64,39,35,16,11,0,0,7,6,81,51,39,14,11,7,8
170844,4097,297,43136,C,f,QF,3,5403,SVK,0,Q,156,344,0,0,28.377823,180,44668,FRA,0,WC,152,361,0,0,18.800821,178,6-3 6-4,0,2,0,12,7,0,0,t,170844,0,120,0,2,75,43,26,16,10,8,11,0,8,79,49,27,12,9,10,15
170827,4097,278,43136,C,f,R32,3,11769,CHI,8,0,95,557,0,0,22.321697,0,5476,ARG,0,Q,195,275,0,0,27.939768,183,6-7(4) 6-2 7-6(5),0,2,1,18,14,1,1,t,170827,0,130,10,11,115,71,57,23,16,5,5,3,4,96,65,47,21,16,4,6
170838,4097,291,43136,C,f,R16,3,6134,ESP,0,Q,107,523,0,0,24.873375,183,3893,ITA,4,0,46,1085,0,0,36.14237,183,7-6(4) 7-5,0,2,0,13,11,1,0,t,170838,0,117,0,2,77,44,33,18,12,3,5,6,3,64,30,26,19,12,3,6
170824,4097,275,43136,C,f,R32,3,34553,NOR,0,0,122,476,0,0,19.123888,183,4122,ARG,0,0,119,494,0,0,35.00616,183,7-5 6-0,0,2,0,13,5,0,0,t,170824,0,92,4,4,56,37,30,9,9,0,0,3,5,59,32,19,12,9,5,9
170877,4099,273,43143,C,f,R32,3,5658,POR,0,LL,114,502,0,0,27.219713,178,6134,ESP,0,SE,76,728,0,0,24.89254,183,6-2 6-4,0,2,0,12,6,0,0,t,170877,0,87,4,3,56,32,24,11,9,3,4,1,2,59,37,20,12,9,0,4
170828,4097,279,43136,C,f,R32,3,5868,ITA,0,0,135,442,0,0,26.135523,185,4664,ESP,0,PR,1753,1,0,0,32.03559,180,6-4 5-7 7-5,0,2,1,18,16,0,0,t,170828,0,142,14,6,114,53,44,32,17,5,7,2,5,98,59,40,22,17,4,7
170841,4097,294,43136,C,f,QF,3,5070,ESP,2,0,21,1925,0,0,30.053389,188,5577,AUT,0,0,98,545,0,0,27.56742,0,6-2 6-4,0,2,0,12,6,0,0,t,170841,0,78,1,2,52,33,28,10,9,1,1,6,4,52,29,24,7,9,2,5
170780,4095,9901,43134,C,f,RR,3,34669,SRI,0,0,1455,2,0,0,21.711157,0,26945,THA,0,0,1408,3,0,0,21.199179,0,6-4 7-5,0,2,0,13,9,0,0,t,170780,0,94,1,5,66,46,26,9,11,2,7,0,0,59,46,21,6,11,3,10
170885,4099,283,43143,C,f,R32,3,5539,ARG,0,0,59,864,0,0,27.742641,185,6030,ARG,0,WC,87,660,0,0,25.492128,0,2-6 6-4 6-4,0,2,1,14,14,0,0,t,170885,0,124,8,0,82,48,33,17,14,2,6,0,3,81,56,35,12,14,7,11
170881,4099,278,43143,C,f,R32,3,4789,FRA,0,0,43,1175,0,0,31.449692,193,4654,URU,7,0,32,1380,0,0,32.11499,180,6-1 6-4,0,2,0,12,5,0,0,t,170881,0,65,0,2,57,44,33,8,9,2,2,0,1,46,31,17,8,8,0,3
170842,4097,295,43136,C,f,QF,3,6315,BRA,0,0,118,495,0,0,23.685146,183,4789,FRA,3,0,43,1130,0,0,31.430527,193,6-4 2-6 6-4,0,2,1,14,14,0,0,t,170842,0,110,6,1,80,43,32,25,14,3,5,11,11,84,51,40,17,14,2,4
170830,4097,282,43136,C,f,R32,3,3333,CRO,7,0,90,615,0,0,38.937714,208,23847,USA,0,0,133,444,0,0,21.59069,0,6-4 6-7(6) 7-6(4),0,2,1,18,16,1,1,t,170830,0,129,24,10,98,56,53,26,17,0,0,16,5,97,56,49,26,17,1,2
170847,4097,300,43136,C,f,F,3,6134,ESP,0,Q,107,523,0,0,24.873375,183,5070,ESP,2,0,21,1925,0,0,30.053389,188,6-3 4-6 6-4,0,2,1,16,13,0,0,t,170847,0,147,5,3,81,53,43,17,15,3,5,4,5,97,55,38,19,14,8,11
170683,4093,202,43133,C,f,RR,3,6219,AUT,0,0,6,4060,0,0,24.405203,185,5291,BLR,0,0,389,106,0,0,28.914442,0,6-3 6-3,0,2,0,12,6,0,0,t,170683,0,73,5,1,56,38,28,12,9,2,2,4,2,58,31,23,11,9,1,4
170836,4097,289,43136,C,f,R16,3,6315,BRA,0,0,118,495,0,0,23.685146,183,5550,ITA,0,LL,159,343,0,0,27.687885,183,7-6(4) 4-6 7-5,0,2,1,17,17,1,0,t,170836,0,219,4,3,123,72,55,27,17,11,13,10,6,100,60,43,25,17,7,9
170837,4097,290,43136,C,f,R16,3,11769,CHI,8,0,95,557,0,0,22.321697,0,5868,ITA,0,0,135,442,0,0,26.135523,185,4-6 7-6(5) 6-3,0,2,1,16,15,1,0,t,170837,0,125,9,3,85,50,42,24,15,2,3,10,9,115,53,39,36,16,7,9
170846,4097,299,43136,C,f,SF,3,6134,ESP,0,Q,107,523,0,0,24.873375,183,5403,SVK,0,Q,156,344,0,0,28.377823,180,4-6 6-3 6-2,0,2,1,16,11,0,0,t,170846,0,146,6,6,93,61,43,16,14,8,11,3,2,89,53,32,15,13,3,8
170735,4094,5404,43133,C,f,R16,3,6339,SRB,0,0,230,227,0,0,23.405886,0,5438,USA,0,0,50,975,0,0,28.098562,188,6-1 7-5,0,2,0,13,6,0,0,t,170735,0,57,5,2,58,42,34,9,10,2,3,6,1,48,23,15,12,9,3,7
170884,4099,282,43143,C,f,R32,3,4269,ESP,8,0,40,1260,0,0,34.245037,188,6315,BRA,0,SE,96,575,0,0,23.704311,183,6-2 7-5,0,2,0,13,7,0,0,t,170884,0,92,5,0,57,31,23,20,10,1,1,4,2,74,41,28,15,10,9,12
170878,4099,275,43143,C,f,R32,3,5370,SLO,0,0,51,968,0,0,28.57221,181,6196,CZE,0,0,60,850,0,0,24.594114,198,6-0 6-3,0,2,0,12,3,0,0,t,170878,0,62,8,0,38,23,19,8,7,1,2,1,4,52,30,15,6,8,7,13
170686,4093,501,43133,C,f,RR,3,11769,CHI,0,0,95,557,0,0,22.302532,0,5104,ECU,0,0,597,48,0,0,29.905544,0,6-2 6-3,0,2,0,12,5,0,0,t,170686,0,60,10,2,43,32,30,6,9,0,0,5,1,57,39,22,7,8,2,5
170835,4097,288,43136,C,f,R16,3,4789,FRA,3,0,43,1130,0,0,31.430527,193,34553,NOR,0,0,122,476,0,0,19.123888,183,6-4 3-6 6-4,0,2,1,15,14,0,0,t,170835,0,108,6,11,84,49,41,15,14,5,7,2,5,91,58,38,19,15,4,7
170737,4095,5602,43134,C,f,RR,3,22510,PER,0,0,482,73,0,0,22.316221,0,5149,BOL,0,0,590,50,0,0,29.66735,0,7-6(8) 6-4,0,2,0,12,10,1,0,t,170737,0,99,19,4,64,39,35,16,11,0,0,7,6,81,51,39,14,11,7,8
170844,4097,297,43136,C,f,QF,3,5403,SVK,0,Q,156,344,0,0,28.377823,180,44668,FRA,0,WC,152,361,0,0,18.800821,178,6-3 6-4,0,2,0,12,7,0,0,t,170844,0,120,0,2,75,43,26,16,10,8,11,0,8,79,49,27,12,9,10,15
170824,4097,275,43136,C,f,R32,3,34553,NOR,0,0,122,476,0,0,19.123888,183,4122,ARG,0,0,119,494,0,0,35.00616,183,7-5 6-0,0,2,0,13,5,0,0,t,170824,0,92,4,4,56,37,30,9,9,0,0,3,5,59,32,19,12,9,5,9
170737,4095,5602,43134,C,f,RR,3,22510,PER,0,0,482,73,0,0,22.316221,0,5149,BOL,0,0,590,50,0,0,29.66735,0,7-6(8) 6-4,0,2,0,12,10,1,0,t,170737,0,99,19,4,64,39,35,16,11,0,0,7,6,81,51,39,14,11,7,8
170828,4097,279,43136,C,f,R32,3,5868,ITA,0,0,135,442,0,0,26.135523,185,4664,ESP,0,PR,1753,1,0,0,32.03559,180,6-4 5-7 7-5,0,2,1,18,16,0,0,t,170828,0,142,14,6,114,53,44,32,17,5,7,2,5,98,59,40,22,17,4,7
170844,4097,297,43136,C,f,QF,3,5403,SVK,0,Q,156,344,0,0,28.377823,180,44668,FRA,0,WC,152,361,0,0,18.800821,178,6-3 6-4,0,2,0,12,7,0,0,t,170844,0,120,0,2,75,43,26,16,10,8,11,0,8,79,49,27,12,9,10,15
170830,4097,282,43136,C,f,R32,3,3333,CRO,7,0,90,615,0,0,38.937714,208,23847,USA,0,0,133,444,0,0,21.59069,0,6-4 6-7(6) 7-6(4),0,2,1,18,16,1,1,t,170830,0,129,24,10,98,56,53,26,17,0,0,16,5,97,56,49,26,17,1,2
170735,4094,5404,43133,C,f,R16,3,6339,SRB,0,0,230,227,0,0,23.405886,0,5438,USA,0,0,50,975,0,0,28.098562,188,6-1 7-5,0,2,0,13,6,0,0,t,170735,0,57,5,2,58,42,34,9,10,2,3,6,1,48,23,15,12,9,3,7
170683,4093,202,43133,C,f,RR,3,6219,AUT,0,0,6,4060,0,0,24.405203,185,5291,BLR,0,0,389,106,0,0,28.914442,0,6-3 6-3,0,2,0,12,6,0,0,t,170683,0,73,5,1,56,38,28,12,9,2,2,4,2,58,31,23,11,9,1,4
170844,4097,297,43136,C,f,QF,3,5403,SVK,0,Q,156,344,0,0,28.377823,180,44668,FRA,0,WC,152,361,0,0,18.800821,178,6-3 6-4,0,2,0,12,7,0,0,t,170844,0,120,0,2,75,43,26,16,10,8,11,0,8,79,49,27,12,9,10,15
170750,4095,6901,43134,C,f,RR,3,4466,ALG,0,0,591,49,0,0,33.103355,185,6092,GEO,0,0,1082,8,0,0,25.073238,0,6-3 6-3,0,2,0,12,6,0,0,t,170750,0,74,2,4,64,36,26,12,9,7,9,3,5,81,50,28,12,9,13,18
170781,4095,10002,43134,C,f,RR,3,6383,THA,0,0,458,78,0,0,22.811773,0,47243,SRI,0,0,1674,1,0,0,22.576317,0,6-3 6-3,0,2,0,12,6,0,0,t,170781,0,80,10,5,48,27,25,12,9,1,1,6,2,55,35,21,10,9,3,6
170686,4093,501,43133,C,f,RR,3,11769,CHI,0,0,95,557,0,0,22.302532,0,5104,ECU,0,0,597,48,0,0,29.905544,0,6-2 6-3,0,2,0,12,5,0,0,t,170686,0,60,10,2,43,32,30,6,9,0,0,5,1,57,39,22,7,8,2,5
170781,4095,10002,43134,C,f,RR,3,6383,THA,0,0,458,78,0,0,22.811773,0,47243,SRI,0,0,1674,1,0,0,22.576317,0,6-3 6-3,0,2,0,12,6,0,0,t,170781,0,80,10,5,48,27,25,12,9,1,1,6,2,55,35,21,10,9,3,6
170826,4097,277,43136,C,f,R32,3,6315,BRA,0,0,118,495,0,0,23.685146,183,4546,ARG,5,0,66,768,0,0,32.77755,188,6-4 7-6(8),0,2,0,12,10,1,0,t,170826,0,99,4,4,71,47,38,15,11,1,1,4,1,67,40,32,18,11,1,2
170837,4097,290,43136,C,f,R16,3,11769,CHI,8,0,95,557,0,0,22.321697,0,5868,ITA,0,0,135,442,0,0,26.135523,185,4-6 7-6(5) 6-3,0,2,1,16,15,1,0,t,170837,0,125,9,3,85,50,42,24,15,2,3,10,9,115,53,39,36,16,7,9
170821,4097,271,43136,C,f,R32,3,5919,ECU,0,WC,282,176,0,0,25.952087,0,5856,GER,0,0,113,504,0,0,26.231348,193,7-6(5) 6-3,0,2,0,12,9,1,0,t,170821,0,79,0,2,72,41,26,20,10,0,1,5,3,68,45,33,10,11,0,3
170685,4093,405,43133,C,f,RR,3,10580,AUT,0,0,200,266,0,0,24.421629,0,6124,BLR,0,0,426,88,0,0,24.90349,0,7-6(1) 6-0,0,2,0,12,6,1,0,t,170685,0,64,4,3,54,34,28,12,9,1,2,4,2,61,42,25,7,9,5,9
170831,4097,283,43136,C,f,R32,3,44668,FRA,0,WC,152,361,0,0,18.800821,178,4628,ESP,0,0,131,446,0,0,32.273785,0,6-4 6-7(5) 6-2,0,2,1,18,12,0,1,t,170831,0,156,9,5,88,46,36,22,15,2,4,1,6,118,71,47,19,15,10,15
170736,4095,5501,43134,C,f,RR,3,5921,PER,0,0,1428,2,0,0,25.927446,0,6184,BOL,0,0,240,217,0,0,24.621492,0,6-2 6-2,0,2,0,12,4,0,0,t,170736,0,63,2,1,42,27,21,12,8,2,2,4,4,66,44,23,11,8,11,15
170685,4093,405,43133,C,f,RR,3,10580,AUT,0,0,200,266,0,0,24.421629,0,6124,BLR,0,0,426,88,0,0,24.90349,0,7-6(1) 6-0,0,2,0,12,6,1,0,t,170685,0,64,4,3,54,34,28,12,9,1,2,4,2,61,42,25,7,9,5,9
170824,4097,275,43136,C,f,R32,3,34553,NOR,0,0,122,476,0,0,19.123888,183,4122,ARG,0,0,119,494,0,0,35.00616,183,7-5 6-0,0,2,0,13,5,0,0,t,170824,0,92,4,4,56,37,30,9,9,0,0,3,5,59,32,19,12,9,5,9
170682,4093,101,43133,C,f,RR,3,5577,AUT,0,0,98,545,0,0,27.548254,0,25608,BLR,0,0,190,281,0,0,23.928816,193,2-6 7-5 6-4,0,2,1,15,15,0,0,t,170682,0,135,4,3,88,57,41,18,15,3,6,8,4,103,60,46,18,15,5,8
170735,4094,5404,43133,C,f,R16,3,6339,SRB,0,0,230,227,0,0,23.405886,0,5438,USA,0,0,50,975,0,0,28.098562,188,6-1 7-5,0,2,0,13,6,0,0,t,170735,0,57,5,2,58,42,34,9,10,2,3,6,1,48,23,15,12,9,3,7
170751,4095,7002,43134,C,f,RR,3,44534,MAR,0,0,698,30,0,0,20.383299,0,5918,GEO,0,0,57,916,0,0,25.932922,185,3-6 6-3 6-3,0,2,1,15,12,0,0,t,170751,0,117,3,6,94,45,34,21,14,7,10,0,4,94,63,35,18,13,9,14
170827,4097,278,43136,C,f,R32,3,11769,CHI,8,0,95,557,0,0,22.321697,0,5476,ARG,0,Q,195,275,0,0,27.939768,183,6-7(4) 6-2 7-6(5),0,2,1,18,14,1,1,t,170827,0,130,10,11,115,71,57,23,16,5,5,3,4,96,65,47,21,16,4,6
170687,4093,602,43133,C,f,RR,3,5919,ECU,0,0,281,176,0,0,25.932922,0,6160,CHI,0,0,405,96,0,0,24.758385,0,6-3 6-7(11) 6-3,0,2,1,18,12,0,1,t,170687,0,156,0,1,111,76,56,21,15,4,5,3,6,101,58,44,23,15,6,9
170783,4095,10205,43134,C,f,RR,3,26945,THA,0,0,1408,3,0,0,21.199179,0,47243,SRI,0,0,1674,1,0,0,22.576317,0,7-5 6-2,0,2,0,13,7,0,0,t,170783,0,80,3,3,57,42,34,7,10,0,0,4,1,56,39,24,12,10,2,5
170684,4093,304,43133,C,f,RR,3,6219,AUT,0,0,6,4060,0,0,24.405203,185,25608,BLR,0,0,190,281,0,0,23.928816,193,6-4 7-6(5),0,2,0,12,10,1,0,t,170684,0,102,8,2,69,42,29,19,11,1,2,6,1,82,52,37,13,11,3,5
170821,4097,271,43136,C,f,R32,3,5919,ECU,0,WC,282,176,0,0,25.952087,0,5856,GER,0,0,113,504,0,0,26.231348,193,7-6(5) 6-3,0,2,0,12,9,1,0,t,170821,0,79,0,2,72,41,26,20,10,0,1,5,3,68,45,33,10,11,0,3
170783,4095,10205,43134,C,f,RR,3,26945,THA,0,0,1408,3,0,0,21.199179,0,47243,SRI,0,0,1674,1,0,0,22.576317,0,7-5 6-2,0,2,0,13,7,0,0,t,170783,0,80,3,3,57,42,34,7,10,0,0,4,1,56,39,24,12,10,2,5
170821,4097,271,43136,C,f,R32,3,5919,ECU,0,WC,282,176,0,0,25.952087,0,5856,GER,0,0,113,504,0,0,26.231348,193,7-6(5) 6-3,0,2,0,12,9,1,0,t,170821,0,79,0,2,72,41,26,20,10,0,1,5,3,68,45,33,10,11,0,3
170735,4094,5404,43133,C,f,R16,3,6339,SRB,0,0,230,227,0,0,23.405886,0,5438,USA,0,0,50,975,0,0,28.098562,188,6-1 7-5,0,2,0,13,6,0,0,t,170735,0,57,5,2,58,42,34,9,10,2,3,6,1,48,23,15,12,9,3,7
170684,4093,304,43133,C,f,RR,3,6219,AUT,0,0,6,4060,0,0,24.405203,185,25608,BLR,0,0,190,281,0,0,23.928816,193,6-4 7-6(5),0,2,0,12,10,1,0,t,170684,0,102,8,2,69,42,29,19,11,1,2,6,1,82,52,37,13,11,3,5
170683,4093,202,43133,C,f,RR,3,6219,AUT,0,0,6,4060,0,0,24.405203,185,5291,BLR,0,0,389,106,0,0,28.914442,0,6-3 6-3,0,2,0,12,6,0,0,t,170683,0,73,5,1,56,38,28,12,9,2,2,4,2,58,31,23,11,9,1,4
170682,4093,101,43133,C,f,RR,3,5577,AUT,0,0,98,545,0,0,27.548254,0,25608,BLR,0,0,190,281,0,0,23.928816,193,2-6 7-5 6-4,0,2,1,15,15,0,0,t,170682,0,135,4,3,88,57,41,18,15,3,6,8,4,103,60,46,18,15,5,8
170688,4093,704,43133,C,f,RR,3,11769,CHI,0,0,95,557,0,0,22.302532,0,5919,ECU,0,0,281,176,0,0,25.932922,0,6-4 7-6(6),0,2,0,12,10,1,0,t,170688,0,83,7,2,62,33,28,22,11,0,0,2,2,63,37,31,14,11,0,1
170683,4093,202,43133,C,f,RR,3,6219,AUT,0,0,6,4060,0,0,24.405203,185,5291,BLR,0,0,389,106,0,0,28.914442,0,6-3 6-3,0,2,0,12,6,0,0,t,170683,0,73,5,1,56,38,28,12,9,2,2,4,2,58,31,23,11,9,1,4
170687,4093,602,43133,C,f,RR,3,5919,ECU,0,0,281,176,0,0,25.932922,0,6160,CHI,0,0,405,96,0,0,24.758385,0,6-3 6-7(11) 6-3,0,2,1,18,12,0,1,t,170687,0,156,0,1,111,76,56,21,15,4,5,3,6,101,58,44,23,15,6,9
170736,4095,5501,43134,C,f,RR,3,5921,PER,0,0,1428,2,0,0,25.927446,0,6184,BOL,0,0,240,217,0,0,24.621492,0,6-2 6-2,0,2,0,12,4,0,0,t,170736,0,63,2,1,42,27,21,12,8,2,2,4,4,66,44,23,11,8,11,15
170684,4093,304,43133,C,f,RR,3,6219,AUT,0,0,6,4060,0,0,24.405203,185,25608,BLR,0,0,190,281,0,0,23.928816,193,6-4 7-6(5),0,2,0,12,10,1,0,t,170684,0,102,8,2,69,42,29,19,11,1,2,6,1,82,52,37,13,11,3,5
170684,4093,304,43133,C,f,RR,3,6219,AUT,0,0,6,4060,0,0,24.405203,185,25608,BLR,0,0,190,281,0,0,23.928816,193,6-4 7-6(5),0,2,0,12,10,1,0,t,170684,0,102,8,2,69,42,29,19,11,1,2,6,1,82,52,37,13,11,3,5
170682,4093,101,43133,C,f,RR,3,5577,AUT,0,0,98,545,0,0,27.548254,0,25608,BLR,0,0,190,281,0,0,23.928816,193,2-6 7-5 6-4,0,2,1,15,15,0,0,t,170682,0,135,4,3,88,57,41,18,15,3,6,8,4,103,60,46,18,15,5,8
170685,4093,405,43133,C,f,RR,3,10580,AUT,0,0,200,266,0,0,24.421629,0,6124,BLR,0,0,426,88,0,0,24.90349,0,7-6(1) 6-0,0,2,0,12,6,1,0,t,170685,0,64,4,3,54,34,28,12,9,1,2,4,2,61,42,25,7,9,5,9
170683,4093,202,43133,C,f,RR,3,6219,AUT,0,0,6,4060,0,0,24.405203,185,5291,BLR,0,0,389,106,0,0,28.914442,0,6-3 6-3,0,2,0,12,6,0,0,t,170683,0,73,5,1,56,38,28,12,9,2,2,4,2,58,31,23,11,9,1,4
170682,4093,101,43133,C,f,RR,3,5577,AUT,0,0,98,545,0,0,27.548254,0,25608,BLR,0,0,190,281,0,0,23.928816,193,2-6 7-5 6-4,0,2,1,15,15,0,0,t,170682,0,135,4,3,88,57,41,18,15,3,6,8,4,103,60,46,18,15,5,8
170684,4093,304,43133,C,f,RR,3,6219,AUT,0,0,6,4060,0,0,24.405203,185,25608,BLR,0,0,190,281,0,0,23.928816,193,6-4 7-6(5),0,2,0,12,10,1,0,t,170684,0,102,8,2,69,42,29,19,11,1,2,6,1,82,52,37,13,11,3,5
170683,4093,202,43133,C,f,RR,3,6219,AUT,0,0,6,4060,0,0,24.405203,185,5291,BLR,0,0,389,106,0,0,28.914442,0,6-3 6-3,0,2,0,12,6,0,0,t,170683,0,73,5,1,56,38,28,12,9,2,2,4,2,58,31,23,11,9,1,4
170682,4093,101,43133,C,f,RR,3,5577,AUT,0,0,98,545,0,0,27.548254,0,25608,BLR,0,0,190,281,0,0,23.928816,193,2-6 7-5 6-4,0,2,1,15,15,0,0,t,170682,0,135,4,3,88,57,41,18,15,3,6,8,4,103,60,46,18,15,5,8
